0,1.84e+00,-1.48e-01,
1,1.84e+00,-1.48e-01,
2,1.84e+00,-1.48e-01,
3,1.84e+00,-1.48e-01,
4,1.84e+00,-1.48e-01,
5,1.84e+00,-1.48e-01,
6,1.84e+00,-1.48e-01,
7,1.84e+00,-1.48e-01,
8,1.84e+00,-1.48e-01,
9,1.84e+00,-1.48e-01,
10,1.84e+00,-1.48e-01,
11,1.84e+00,-1.48e-01,
12,1.84e+00,-1.48e-01,
13,1.84e+00,-1.48e-01,
14,1.84e+00,-1.48e-01,
15,1.84e+00,-1.48e-01,
16,1.84e+00,-1.48e-01,
17,1.84e+00,-1.48e-01,
18,1.84e+00,-1.48e-01,
19,1.84e+00,-1.48e-01,
20,1.84e+00,-1.48e-01,
21,1.84e+00,-1.48e-01,
22,1.84e+00,-1.48e-01,
23,1.84e+00,-1.48e-01,
24,1.84e+00,-1.48e-01,
25,1.84e+00,-1.48e-01,
26,1.84e+00,-1.48e-01,
27,1.84e+00,-1.48e-01,
28,1.84e+00,-1.48e-01,
29,1.84e+00,-1.48e-01,
30,1.84e+00,-1.48e-01,
31,1.84e+00,-1.48e-01,
32,1.84e+00,-1.48e-01,
33,1.84e+00,-1.48e-01,
34,1.84e+00,-1.48e-01,
35,1.84e+00,-1.48e-01,
36,1.84e+00,-1.48e-01,
37,1.84e+00,-1.48e-01,
38,1.84e+00,-1.48e-01,
39,1.84e+00,-1.48e-01,
40,1.84e+00,-1.48e-01,
41,1.84e+00,-1.48e-01,
42,1.84e+00,-1.48e-01,
43,1.84e+00,-1.48e-01,
44,1.84e+00,-1.48e-01,
45,1.84e+00,-1.48e-01,
46,1.84e+00,-1.48e-01,
47,1.84e+00,-1.48e-01,
48,1.84e+00,-1.48e-01,
49,1.84e+00,-1.48e-01,
50,1.84e+00,-1.48e-01,
51,1.84e+00,-1.48e-01,
52,1.84e+00,-1.48e-01,
53,1.84e+00,-1.48e-01,
54,1.84e+00,-1.48e-01,
55,1.84e+00,-1.48e-01,
56,1.84e+00,-1.48e-01,
57,1.84e+00,-1.48e-01,
58,1.84e+00,-1.48e-01,
59,1.84e+00,-1.48e-01,
60,1.84e+00,-1.48e-01,
61,1.84e+00,-1.48e-01,
62,1.84e+00,-1.48e-01,
63,1.84e+00,-1.48e-01,
64,1.84e+00,-1.48e-01,
65,1.84e+00,-1.48e-01,
66,1.84e+00,-1.48e-01,
67,1.84e+00,-1.48e-01,
68,1.84e+00,-1.48e-01,
69,1.84e+00,-1.48e-01,
70,1.84e+00,-1.48e-01,
71,1.84e+00,-1.48e-01,
72,1.84e+00,-1.48e-01,
73,1.84e+00,-1.48e-01,
74,1.84e+00,-1.48e-01,
75,1.84e+00,-1.48e-01,
76,1.84e+00,-1.48e-01,
77,1.84e+00,-1.48e-01,
78,1.84e+00,-1.48e-01,
79,1.84e+00,-1.48e-01,
80,1.84e+00,-1.48e-01,
81,1.84e+00,-1.48e-01,
82,1.84e+00,-1.48e-01,
83,1.84e+00,-1.48e-01,
84,1.84e+00,-1.48e-01,
85,1.84e+00,-1.48e-01,
86,1.84e+00,-1.48e-01,
87,1.84e+00,-1.48e-01,
88,1.84e+00,-1.48e-01,
89,1.84e+00,-1.48e-01,
90,1.84e+00,-1.48e-01,
91,1.84e+00,-1.48e-01,
92,1.84e+00,-1.48e-01,
93,1.84e+00,-1.48e-01,
94,1.84e+00,-1.48e-01,
95,1.84e+00,-1.48e-01,
96,1.84e+00,-1.48e-01,
97,1.84e+00,-1.48e-01,
98,1.84e+00,-1.48e-01,
99,1.84e+00,-1.48e-01,
100,1.84e+00,-1.48e-01,
101,1.84e+00,-1.48e-01,
102,1.84e+00,-1.48e-01,
103,1.84e+00,-1.48e-01,
104,1.84e+00,-1.48e-01,
105,1.84e+00,-1.48e-01,
106,1.84e+00,-1.48e-01,
107,1.84e+00,-1.48e-01,
108,1.84e+00,-1.48e-01,
109,1.84e+00,-1.48e-01,
110,1.84e+00,-1.48e-01,
111,1.84e+00,-1.48e-01,
112,1.84e+00,-1.48e-01,
113,1.84e+00,-1.48e-01,
114,1.84e+00,-1.48e-01,
115,1.84e+00,-1.48e-01,
116,1.84e+00,-1.48e-01,
117,1.84e+00,-1.48e-01,
118,1.84e+00,-1.48e-01,
119,1.84e+00,-1.48e-01,
120,1.84e+00,-1.48e-01,
121,1.84e+00,-1.48e-01,
122,1.84e+00,-1.48e-01,
123,1.84e+00,-1.48e-01,
124,1.84e+00,-1.48e-01,
125,1.84e+00,-1.48e-01,
126,1.84e+00,-1.48e-01,
127,1.84e+00,-1.48e-01,
128,1.84e+00,-1.48e-01,
129,1.84e+00,-1.48e-01,
130,1.84e+00,-1.48e-01,
131,1.84e+00,-1.48e-01,
132,1.84e+00,-1.48e-01,
133,1.84e+00,-1.48e-01,
134,1.84e+00,-1.48e-01,
135,1.84e+00,-1.48e-01,
136,1.84e+00,-1.48e-01,
137,1.84e+00,-1.48e-01,
138,1.84e+00,-1.48e-01,
139,1.84e+00,-1.48e-01,
140,1.84e+00,-1.48e-01,
141,1.84e+00,-1.48e-01,
142,1.84e+00,-1.48e-01,
143,1.84e+00,-1.48e-01,
144,1.84e+00,-1.48e-01,
145,1.84e+00,-1.48e-01,
146,1.84e+00,-1.48e-01,
147,1.84e+00,-1.48e-01,
148,1.84e+00,-1.48e-01,
149,1.84e+00,-1.48e-01,
150,1.84e+00,-1.48e-01,
151,1.84e+00,-1.48e-01,
152,1.84e+00,-1.48e-01,
153,1.84e+00,-1.48e-01,
154,1.84e+00,-1.48e-01,
155,1.84e+00,-1.48e-01,
156,1.84e+00,-1.48e-01,
157,1.84e+00,-1.48e-01,
158,1.84e+00,-1.48e-01,
159,1.84e+00,-1.48e-01,
160,1.84e+00,-1.48e-01,
161,1.84e+00,-1.48e-01,
162,1.84e+00,-1.48e-01,
163,1.84e+00,-1.48e-01,
164,1.84e+00,-1.48e-01,
165,1.84e+00,-1.48e-01,
166,1.84e+00,-1.48e-01,
167,1.84e+00,-1.48e-01,
168,1.84e+00,-1.48e-01,
169,1.84e+00,-1.48e-01,
170,1.84e+00,-1.48e-01,
171,1.84e+00,-1.48e-01,
172,1.84e+00,-1.48e-01,
173,1.84e+00,-1.48e-01,
174,1.84e+00,-1.48e-01,
175,1.84e+00,-1.48e-01,
176,1.84e+00,-1.48e-01,
177,1.84e+00,-1.48e-01,
178,1.84e+00,-1.48e-01,
179,1.84e+00,-1.48e-01,
180,1.84e+00,-1.48e-01,
181,1.84e+00,-1.48e-01,
182,1.84e+00,-1.48e-01,
183,1.84e+00,-1.48e-01,
184,1.84e+00,-1.48e-01,
185,1.84e+00,-1.48e-01,
186,1.84e+00,-1.48e-01,
187,1.84e+00,-1.48e-01,
188,1.84e+00,-1.48e-01,
189,1.84e+00,-1.48e-01,
190,1.84e+00,-1.48e-01,
191,1.84e+00,-1.48e-01,
192,1.84e+00,-1.48e-01,
193,1.84e+00,-1.48e-01,
194,1.84e+00,-1.48e-01,
195,1.84e+00,-1.48e-01,
196,1.84e+00,-1.48e-01,
197,1.84e+00,-1.48e-01,
198,1.84e+00,-1.48e-01,
199,1.84e+00,-1.48e-01,
200,1.84e+00,-1.48e-01,
201,1.84e+00,-1.48e-01,
202,1.84e+00,-1.48e-01,
203,1.84e+00,-1.48e-01,
204,1.84e+00,-1.48e-01,
205,1.84e+00,-1.48e-01,
206,1.84e+00,-1.48e-01,
207,1.84e+00,-1.48e-01,
208,1.84e+00,-1.48e-01,
209,1.84e+00,-1.48e-01,
210,1.84e+00,-1.48e-01,
211,1.84e+00,-1.48e-01,
212,1.84e+00,-1.48e-01,
213,1.84e+00,-1.48e-01,
214,1.84e+00,-1.48e-01,
215,1.84e+00,-1.48e-01,
216,1.84e+00,-1.48e-01,
217,1.84e+00,-1.48e-01,
218,1.84e+00,-1.48e-01,
219,1.84e+00,-1.48e-01,
220,1.84e+00,-1.48e-01,
221,1.84e+00,-1.48e-01,
222,1.84e+00,-1.48e-01,
223,1.84e+00,-1.48e-01,
224,1.84e+00,-1.48e-01,
225,1.84e+00,-1.48e-01,
226,1.84e+00,-1.48e-01,
227,1.84e+00,-1.48e-01,
228,1.84e+00,-1.48e-01,
229,1.84e+00,-1.48e-01,
230,1.84e+00,-1.48e-01,
231,1.84e+00,-1.48e-01,
232,1.84e+00,-1.48e-01,
233,1.84e+00,-1.48e-01,
234,1.84e+00,-1.48e-01,
235,1.84e+00,-1.48e-01,
236,1.84e+00,-1.48e-01,
237,1.84e+00,-1.48e-01,
238,1.84e+00,-1.48e-01,
239,1.84e+00,-1.48e-01,
240,1.84e+00,-1.48e-01,
241,1.84e+00,-1.48e-01,
242,1.84e+00,-1.48e-01,
243,1.84e+00,-1.48e-01,
244,1.84e+00,-1.48e-01,
245,1.84e+00,-1.48e-01,
246,1.84e+00,-1.48e-01,
247,1.84e+00,-1.48e-01,
248,1.84e+00,-1.48e-01,
249,1.84e+00,-1.48e-01,
250,1.84e+00,-1.48e-01,
251,1.84e+00,-1.48e-01,
252,1.84e+00,-1.48e-01,
253,1.84e+00,-1.48e-01,
254,1.84e+00,-1.48e-01,
255,1.84e+00,-1.48e-01,
256,1.84e+00,-1.48e-01,
257,1.84e+00,-1.48e-01,
258,1.84e+00,-1.48e-01,
259,1.84e+00,-1.48e-01,
260,1.84e+00,-1.48e-01,
261,1.84e+00,-1.48e-01,
262,1.84e+00,-1.48e-01,
263,1.84e+00,-1.48e-01,
264,1.84e+00,-1.48e-01,
265,1.84e+00,-1.48e-01,
266,1.84e+00,-1.48e-01,
267,1.84e+00,-1.48e-01,
268,1.84e+00,-1.48e-01,
269,1.84e+00,-1.48e-01,
270,1.84e+00,-1.48e-01,
271,1.84e+00,-1.48e-01,
272,1.84e+00,-1.48e-01,
273,1.84e+00,-1.48e-01,
274,1.84e+00,-1.48e-01,
275,1.84e+00,-1.48e-01,
276,1.84e+00,-1.48e-01,
277,1.84e+00,-1.48e-01,
278,1.84e+00,-1.48e-01,
279,1.84e+00,-1.48e-01,
280,1.84e+00,-1.48e-01,
281,1.84e+00,-1.48e-01,
282,1.84e+00,-1.48e-01,
283,1.84e+00,-1.48e-01,
284,1.84e+00,-1.48e-01,
285,1.84e+00,-1.48e-01,
286,1.84e+00,-1.48e-01,
287,1.84e+00,-1.48e-01,
288,1.84e+00,-1.48e-01,
289,1.84e+00,-1.48e-01,
290,1.84e+00,-1.48e-01,
291,1.84e+00,-1.48e-01,
292,1.84e+00,-1.48e-01,
293,1.84e+00,-1.48e-01,
294,1.84e+00,-1.48e-01,
295,1.84e+00,-1.48e-01,
296,1.84e+00,-1.48e-01,
297,1.84e+00,-1.48e-01,
298,1.84e+00,-1.48e-01,
299,1.84e+00,-1.48e-01,
300,1.84e+00,-1.48e-01,
301,1.84e+00,-1.48e-01,
302,1.84e+00,-1.48e-01,
303,1.84e+00,-1.48e-01,
304,1.84e+00,-1.48e-01,
305,1.84e+00,-1.48e-01,
306,1.84e+00,-1.48e-01,
307,1.84e+00,-1.48e-01,
308,1.84e+00,-1.48e-01,
309,1.84e+00,-1.48e-01,
310,1.84e+00,-1.48e-01,
311,1.84e+00,-1.48e-01,
312,1.84e+00,-1.48e-01,
313,1.84e+00,-1.48e-01,
314,1.84e+00,-1.48e-01,
315,1.84e+00,-1.48e-01,
316,1.84e+00,-1.48e-01,
317,1.84e+00,-1.48e-01,
318,1.84e+00,-1.48e-01,
319,1.84e+00,-1.48e-01,
320,1.84e+00,-1.48e-01,
321,1.84e+00,-1.48e-01,
322,1.84e+00,-1.48e-01,
323,1.84e+00,-1.48e-01,
324,1.84e+00,-1.48e-01,
325,1.84e+00,-1.48e-01,
326,1.84e+00,-1.48e-01,
327,1.84e+00,-1.48e-01,
328,1.84e+00,-1.48e-01,
329,1.84e+00,-1.48e-01,
330,1.84e+00,-1.48e-01,
331,1.84e+00,-1.48e-01,
332,1.84e+00,-1.48e-01,
333,1.84e+00,-1.48e-01,
334,1.84e+00,-1.48e-01,
335,1.84e+00,-1.48e-01,
336,1.84e+00,-1.48e-01,
337,1.84e+00,-1.48e-01,
338,1.84e+00,-1.48e-01,
339,1.84e+00,-1.48e-01,
340,1.84e+00,-1.48e-01,
341,1.84e+00,-1.48e-01,
342,1.84e+00,-1.48e-01,
343,1.84e+00,-1.48e-01,
344,1.84e+00,-1.48e-01,
345,1.84e+00,-1.48e-01,
346,1.84e+00,-1.48e-01,
347,1.84e+00,-1.48e-01,
348,1.84e+00,-1.48e-01,
349,1.84e+00,-1.48e-01,
350,1.84e+00,-1.48e-01,
351,1.84e+00,-1.48e-01,
352,1.84e+00,-1.48e-01,
353,1.84e+00,-1.48e-01,
354,1.84e+00,-1.48e-01,
355,1.84e+00,-1.48e-01,
356,1.84e+00,-1.48e-01,
357,1.84e+00,-1.48e-01,
358,1.84e+00,-1.48e-01,
359,1.84e+00,-1.48e-01,
360,1.84e+00,-1.48e-01,
361,1.84e+00,-1.48e-01,
362,1.84e+00,-1.48e-01,
363,1.84e+00,-1.48e-01,
364,1.84e+00,-1.48e-01,
365,1.84e+00,-1.48e-01,
366,1.84e+00,-1.48e-01,
367,1.84e+00,-1.48e-01,
368,1.84e+00,-1.48e-01,
369,1.84e+00,-1.48e-01,
370,1.84e+00,-1.48e-01,
371,1.84e+00,-1.48e-01,
372,1.84e+00,-1.48e-01,
373,1.84e+00,-1.48e-01,
374,1.84e+00,-1.48e-01,
375,1.84e+00,-1.48e-01,
376,1.84e+00,-1.48e-01,
377,1.84e+00,-1.48e-01,
378,1.84e+00,-1.48e-01,
379,1.84e+00,-1.48e-01,
380,1.84e+00,-1.48e-01,
381,1.84e+00,-1.48e-01,
382,1.84e+00,-1.48e-01,
383,1.84e+00,-1.48e-01,
384,1.84e+00,-1.48e-01,
385,1.84e+00,-1.48e-01,
386,1.84e+00,-1.48e-01,
387,1.84e+00,-1.48e-01,
388,1.84e+00,-1.48e-01,
389,1.84e+00,-1.48e-01,
390,1.84e+00,-1.48e-01,
391,1.84e+00,-1.48e-01,
392,1.84e+00,-1.48e-01,
393,1.84e+00,-1.48e-01,
394,1.84e+00,-1.48e-01,
395,1.84e+00,-1.48e-01,
396,1.84e+00,-1.48e-01,
397,1.84e+00,-1.48e-01,
398,1.84e+00,-1.48e-01,
399,1.84e+00,-1.48e-01,
400,1.84e+00,-1.48e-01,
401,1.84e+00,-1.48e-01,
402,1.84e+00,-1.48e-01,
403,1.84e+00,-1.48e-01,
404,1.84e+00,-1.48e-01,
405,1.84e+00,-1.48e-01,
406,1.84e+00,-1.48e-01,
407,1.84e+00,-1.48e-01,
408,1.84e+00,-1.48e-01,
409,1.84e+00,-1.48e-01,
410,1.84e+00,-1.48e-01,
411,1.84e+00,-1.48e-01,
412,1.84e+00,-1.48e-01,
413,1.84e+00,-1.48e-01,
414,1.84e+00,-1.48e-01,
415,1.84e+00,-1.48e-01,
416,1.84e+00,-1.48e-01,
417,1.84e+00,-1.48e-01,
418,1.84e+00,-1.48e-01,
419,1.84e+00,-1.48e-01,
420,1.84e+00,-1.48e-01,
421,1.84e+00,-1.48e-01,
422,1.84e+00,-1.48e-01,
423,1.84e+00,-1.48e-01,
424,1.84e+00,-1.48e-01,
425,1.84e+00,-1.48e-01,
426,1.84e+00,-1.48e-01,
427,1.84e+00,-1.48e-01,
428,1.84e+00,-1.48e-01,
429,1.84e+00,-1.48e-01,
430,1.84e+00,-1.48e-01,
431,1.84e+00,-1.48e-01,
432,1.84e+00,-1.48e-01,
433,1.84e+00,-1.48e-01,
434,1.84e+00,-1.48e-01,
435,1.84e+00,-1.48e-01,
436,1.84e+00,-1.48e-01,
437,1.84e+00,-1.48e-01,
438,1.84e+00,-1.48e-01,
439,1.84e+00,-1.48e-01,
440,1.84e+00,-1.48e-01,
441,1.84e+00,-1.48e-01,
442,1.84e+00,-1.48e-01,
443,1.84e+00,-1.48e-01,
444,1.84e+00,-1.48e-01,
445,1.84e+00,-1.48e-01,
446,1.84e+00,-1.48e-01,
447,1.84e+00,-1.48e-01,
448,1.84e+00,-1.48e-01,
449,1.84e+00,-1.48e-01,
450,1.84e+00,-1.48e-01,
451,1.84e+00,-1.48e-01,
452,1.84e+00,-1.48e-01,
453,1.84e+00,-1.48e-01,
454,1.84e+00,-1.48e-01,
455,1.84e+00,-1.48e-01,
456,1.84e+00,-1.48e-01,
457,1.84e+00,-1.48e-01,
458,1.84e+00,-1.48e-01,
459,1.84e+00,-1.48e-01,
460,1.84e+00,-1.48e-01,
461,1.84e+00,-1.48e-01,
462,1.84e+00,-1.48e-01,
463,1.84e+00,-1.48e-01,
464,1.84e+00,-1.48e-01,
465,1.84e+00,-1.48e-01,
466,1.84e+00,-1.48e-01,
467,1.84e+00,-1.48e-01,
468,1.84e+00,-1.48e-01,
469,1.84e+00,-1.48e-01,
470,1.84e+00,-1.48e-01,
471,1.84e+00,-1.48e-01,
472,1.84e+00,-1.48e-01,
473,1.84e+00,-1.48e-01,
474,1.84e+00,-1.48e-01,
475,1.84e+00,-1.48e-01,
476,1.84e+00,-1.48e-01,
477,1.84e+00,-1.48e-01,
478,1.84e+00,-1.48e-01,
479,1.84e+00,-1.48e-01,
480,1.84e+00,-1.48e-01,
481,1.84e+00,-1.48e-01,
482,1.84e+00,-1.48e-01,
483,1.84e+00,-1.48e-01,
484,1.84e+00,-1.48e-01,
485,1.84e+00,-1.48e-01,
486,1.84e+00,-1.48e-01,
487,1.84e+00,-1.48e-01,
488,1.84e+00,-1.48e-01,
489,1.84e+00,-1.48e-01,
490,1.84e+00,-1.48e-01,
491,1.84e+00,-1.48e-01,
492,1.84e+00,-1.48e-01,
493,1.84e+00,-1.48e-01,
494,1.84e+00,-1.48e-01,
495,1.84e+00,-1.48e-01,
496,1.84e+00,-1.48e-01,
497,1.84e+00,-1.48e-01,
498,1.84e+00,-1.48e-01,
499,1.84e+00,-1.48e-01,
500,1.84e+00,-1.48e-01,
501,1.84e+00,-1.48e-01,
502,1.84e+00,-1.48e-01,
503,1.84e+00,-1.48e-01,
504,1.84e+00,-1.48e-01,
505,1.84e+00,-1.48e-01,
506,1.84e+00,-1.48e-01,
507,1.84e+00,-1.48e-01,
508,1.84e+00,-1.48e-01,
509,1.84e+00,-1.48e-01,
510,1.84e+00,-1.48e-01,
511,1.84e+00,-1.48e-01,
512,1.84e+00,-1.48e-01,
513,1.84e+00,-1.48e-01,
514,1.84e+00,-1.48e-01,
515,1.84e+00,-1.48e-01,
516,1.84e+00,-1.48e-01,
517,1.84e+00,-1.48e-01,
518,1.84e+00,-1.48e-01,
519,1.84e+00,-1.48e-01,
520,1.84e+00,-1.48e-01,
521,1.84e+00,-1.48e-01,
522,1.84e+00,-1.48e-01,
523,1.84e+00,-1.48e-01,
524,1.84e+00,-1.48e-01,
525,1.84e+00,-1.48e-01,
526,1.84e+00,-1.48e-01,
527,1.84e+00,-1.48e-01,
528,1.84e+00,-1.48e-01,
529,1.84e+00,-1.48e-01,
530,1.84e+00,-1.48e-01,
531,1.84e+00,-1.48e-01,
532,1.84e+00,-1.48e-01,
533,1.84e+00,-1.48e-01,
534,1.84e+00,-1.48e-01,
535,1.84e+00,-1.48e-01,
536,1.84e+00,-1.48e-01,
537,1.84e+00,-1.48e-01,
538,1.84e+00,-1.48e-01,
539,1.84e+00,-1.48e-01,
540,1.84e+00,-1.48e-01,
541,1.84e+00,-1.48e-01,
542,1.84e+00,-1.48e-01,
543,1.84e+00,-1.48e-01,
544,1.84e+00,-1.48e-01,
545,1.84e+00,-1.48e-01,
546,1.84e+00,-1.48e-01,
547,1.84e+00,-1.48e-01,
548,1.84e+00,-1.48e-01,
549,1.84e+00,-1.48e-01,
550,1.84e+00,-1.48e-01,
551,1.84e+00,-1.48e-01,
552,1.84e+00,-1.48e-01,
553,1.84e+00,-1.48e-01,
554,1.84e+00,-1.48e-01,
555,1.84e+00,-1.48e-01,
556,1.84e+00,-1.48e-01,
557,1.84e+00,-1.48e-01,
558,1.84e+00,-1.48e-01,
559,1.84e+00,-1.48e-01,
560,1.84e+00,-1.48e-01,
561,1.84e+00,-1.48e-01,
562,1.84e+00,-1.48e-01,
563,1.84e+00,-1.48e-01,
564,1.84e+00,-1.48e-01,
565,1.84e+00,-1.48e-01,
566,1.84e+00,-1.48e-01,
567,1.84e+00,-1.48e-01,
568,1.84e+00,-1.48e-01,
569,1.84e+00,-1.48e-01,
570,1.84e+00,-1.48e-01,
571,1.84e+00,-1.48e-01,
572,1.84e+00,-1.48e-01,
573,1.84e+00,-1.48e-01,
574,1.84e+00,-1.48e-01,
575,1.84e+00,-1.48e-01,
576,1.84e+00,-1.48e-01,
577,1.84e+00,-1.48e-01,
578,1.84e+00,-1.48e-01,
579,1.84e+00,-1.48e-01,
580,1.84e+00,-1.48e-01,
581,1.84e+00,-1.48e-01,
582,1.84e+00,-1.48e-01,
583,1.84e+00,-1.48e-01,
584,1.84e+00,-1.48e-01,
585,1.84e+00,-1.48e-01,
586,1.84e+00,-1.48e-01,
587,1.84e+00,-1.48e-01,
588,1.84e+00,-1.48e-01,
589,1.84e+00,-1.48e-01,
590,1.84e+00,-1.48e-01,
591,1.84e+00,-1.48e-01,
592,1.84e+00,-1.48e-01,
593,1.84e+00,-1.48e-01,
594,1.84e+00,-1.48e-01,
595,1.84e+00,-1.48e-01,
596,1.84e+00,-1.48e-01,
597,1.84e+00,-1.48e-01,
598,1.84e+00,-1.48e-01,
599,1.84e+00,-1.48e-01,
600,1.84e+00,-1.48e-01,
601,1.84e+00,-1.48e-01,
602,1.84e+00,-1.48e-01,
603,1.84e+00,-1.48e-01,
604,1.84e+00,-1.48e-01,
605,1.84e+00,-1.48e-01,
606,1.84e+00,-1.48e-01,
607,1.84e+00,-1.48e-01,
608,1.84e+00,-1.48e-01,
609,1.84e+00,-1.48e-01,
610,1.84e+00,-1.48e-01,
611,1.84e+00,-1.48e-01,
612,1.84e+00,-1.48e-01,
613,1.84e+00,-1.48e-01,
614,1.84e+00,-1.48e-01,
615,1.84e+00,-1.48e-01,
616,1.84e+00,-1.48e-01,
617,1.84e+00,-1.48e-01,
618,1.84e+00,-1.48e-01,
619,1.84e+00,-1.48e-01,
620,1.84e+00,-1.48e-01,
621,1.84e+00,-1.48e-01,
622,1.84e+00,-1.48e-01,
623,1.84e+00,-1.48e-01,
624,1.84e+00,-1.48e-01,
625,1.84e+00,-1.48e-01,
626,1.84e+00,-1.48e-01,
627,1.84e+00,-1.48e-01,
628,1.84e+00,-1.48e-01,
629,1.84e+00,-1.48e-01,
630,1.84e+00,-1.48e-01,
631,1.84e+00,-1.48e-01,
632,1.84e+00,-1.48e-01,
633,1.84e+00,-1.48e-01,
634,1.84e+00,-1.48e-01,
635,1.84e+00,-1.48e-01,
636,1.84e+00,-1.48e-01,
637,1.84e+00,-1.48e-01,
638,1.84e+00,-1.48e-01,
639,1.84e+00,-1.48e-01,
640,1.84e+00,-1.48e-01,
641,1.84e+00,-1.48e-01,
642,1.84e+00,-1.48e-01,
643,1.84e+00,-1.48e-01,
644,1.84e+00,-1.48e-01,
645,1.84e+00,-1.48e-01,
646,1.84e+00,-1.48e-01,
647,1.84e+00,-1.48e-01,
648,1.84e+00,-1.48e-01,
649,1.84e+00,-1.48e-01,
650,1.84e+00,-1.48e-01,
651,1.84e+00,-1.48e-01,
652,1.84e+00,-1.48e-01,
653,1.84e+00,-1.48e-01,
654,1.84e+00,-1.48e-01,
655,1.84e+00,-1.48e-01,
656,1.84e+00,-1.48e-01,
657,1.84e+00,-1.48e-01,
658,1.84e+00,-1.48e-01,
659,1.84e+00,-1.48e-01,
660,1.84e+00,-1.48e-01,
661,1.84e+00,-1.48e-01,
662,1.84e+00,-1.48e-01,
663,1.84e+00,-1.48e-01,
664,1.84e+00,-1.48e-01,
665,1.84e+00,-1.48e-01,
666,1.84e+00,-1.48e-01,
667,1.84e+00,-1.48e-01,
668,1.84e+00,-1.48e-01,
669,1.84e+00,-1.48e-01,
670,1.84e+00,-1.48e-01,
671,1.84e+00,-1.48e-01,
672,1.84e+00,-1.48e-01,
673,1.84e+00,-1.48e-01,
674,1.84e+00,-1.48e-01,
675,1.84e+00,-1.48e-01,
676,1.84e+00,-1.48e-01,
677,1.84e+00,-1.48e-01,
678,1.84e+00,-1.48e-01,
679,1.84e+00,-1.48e-01,
680,1.84e+00,-1.48e-01,
681,1.84e+00,-1.48e-01,
682,1.84e+00,-1.48e-01,
683,1.84e+00,-1.48e-01,
684,1.84e+00,-1.48e-01,
685,1.84e+00,-1.48e-01,
686,1.84e+00,-1.48e-01,
687,1.84e+00,-1.48e-01,
688,1.84e+00,-1.48e-01,
689,1.84e+00,-1.48e-01,
690,1.84e+00,-1.48e-01,
691,1.84e+00,-1.48e-01,
692,1.84e+00,-1.48e-01,
693,1.84e+00,-1.48e-01,
694,1.84e+00,-1.48e-01,
695,1.84e+00,-1.48e-01,
696,1.84e+00,-1.48e-01,
697,1.84e+00,-1.48e-01,
698,1.84e+00,-1.48e-01,
699,1.84e+00,-1.48e-01,
700,1.84e+00,-1.48e-01,
701,1.84e+00,-1.48e-01,
702,1.84e+00,-1.48e-01,
703,1.84e+00,-1.48e-01,
704,1.84e+00,-1.48e-01,
705,1.84e+00,-1.48e-01,
706,1.84e+00,-1.48e-01,
707,1.84e+00,-1.48e-01,
708,1.84e+00,-1.48e-01,
709,1.84e+00,-1.48e-01,
710,1.84e+00,-1.48e-01,
711,1.84e+00,-1.48e-01,
712,1.84e+00,-1.48e-01,
713,1.84e+00,-1.48e-01,
714,1.84e+00,-1.48e-01,
715,1.84e+00,-1.48e-01,
716,1.84e+00,-1.48e-01,
717,1.84e+00,-1.48e-01,
718,1.84e+00,-1.48e-01,
719,1.84e+00,-1.48e-01,
720,1.84e+00,-1.48e-01,
721,1.84e+00,-1.48e-01,
722,1.84e+00,-1.48e-01,
723,1.84e+00,-1.48e-01,
724,1.84e+00,-1.48e-01,
725,1.84e+00,-1.48e-01,
726,1.84e+00,-1.48e-01,
727,1.84e+00,-1.48e-01,
728,1.84e+00,-1.48e-01,
729,1.84e+00,-1.48e-01,
730,1.84e+00,-1.48e-01,
731,1.84e+00,-1.48e-01,
732,1.84e+00,-1.48e-01,
733,1.84e+00,-1.48e-01,
734,1.84e+00,-1.48e-01,
735,1.84e+00,-1.48e-01,
736,1.84e+00,-1.48e-01,
737,1.84e+00,-1.48e-01,
738,1.84e+00,-1.48e-01,
739,1.84e+00,-1.48e-01,
740,1.84e+00,-1.48e-01,
741,1.84e+00,-1.48e-01,
742,1.84e+00,-1.48e-01,
743,1.84e+00,-1.48e-01,
744,1.84e+00,-1.48e-01,
745,1.84e+00,-1.48e-01,
746,1.84e+00,-1.48e-01,
747,1.84e+00,-1.48e-01,
748,1.84e+00,-1.48e-01,
749,1.84e+00,-1.48e-01,
750,1.84e+00,-1.48e-01,
751,1.84e+00,-1.48e-01,
752,1.84e+00,-1.48e-01,
753,1.84e+00,-1.48e-01,
754,1.84e+00,-1.48e-01,
755,1.84e+00,-1.48e-01,
756,1.84e+00,-1.48e-01,
757,1.84e+00,-1.48e-01,
758,1.84e+00,-1.48e-01,
759,1.84e+00,-1.48e-01,
760,1.84e+00,-1.48e-01,
761,1.84e+00,-1.48e-01,
762,1.84e+00,-1.48e-01,
763,1.84e+00,-1.48e-01,
764,1.84e+00,-1.48e-01,
765,1.84e+00,-1.48e-01,
766,1.84e+00,-1.48e-01,
767,1.84e+00,-1.48e-01,
768,1.84e+00,-1.48e-01,
769,1.84e+00,-1.48e-01,
770,1.84e+00,-1.48e-01,
771,1.84e+00,-1.48e-01,
772,1.84e+00,-1.48e-01,
773,1.84e+00,-1.48e-01,
774,1.84e+00,-1.48e-01,
775,1.84e+00,-1.48e-01,
776,1.84e+00,-1.48e-01,
777,1.84e+00,-1.48e-01,
778,1.84e+00,-1.48e-01,
779,1.84e+00,-1.48e-01,
780,1.84e+00,-1.48e-01,
781,1.84e+00,-1.48e-01,
782,1.84e+00,-1.48e-01,
783,1.84e+00,-1.48e-01,
784,1.84e+00,-1.48e-01,
785,1.84e+00,-1.48e-01,
786,1.84e+00,-1.48e-01,
787,1.84e+00,-1.48e-01,
788,1.84e+00,-1.48e-01,
789,1.84e+00,-1.48e-01,
790,1.84e+00,-1.48e-01,
791,1.84e+00,-1.56e-01,
792,1.84e+00,-1.48e-01,
793,1.84e+00,-1.48e-01,
794,1.84e+00,-1.48e-01,
795,1.84e+00,-1.48e-01,
796,1.84e+00,-1.48e-01,
797,1.84e+00,-1.48e-01,
798,1.84e+00,-1.48e-01,
799,1.84e+00,-1.48e-01,
800,1.84e+00,-1.48e-01,
801,1.84e+00,-1.48e-01,
802,1.84e+00,-1.48e-01,
803,1.84e+00,-1.48e-01,
804,1.84e+00,-1.48e-01,
805,1.84e+00,-1.48e-01,
806,1.84e+00,-1.48e-01,
807,1.84e+00,-1.48e-01,
808,1.84e+00,-1.48e-01,
809,1.84e+00,-1.48e-01,
810,1.84e+00,-1.48e-01,
811,1.84e+00,-1.48e-01,
812,1.84e+00,-1.48e-01,
813,1.84e+00,-1.48e-01,
814,1.84e+00,-1.48e-01,
815,1.84e+00,-1.48e-01,
816,1.84e+00,-1.48e-01,
817,1.84e+00,-1.48e-01,
818,1.84e+00,-1.48e-01,
819,1.84e+00,-1.48e-01,
820,1.84e+00,-1.48e-01,
821,1.84e+00,-1.48e-01,
822,1.84e+00,-1.48e-01,
823,1.84e+00,-1.48e-01,
824,1.84e+00,-1.48e-01,
825,1.84e+00,-1.48e-01,
826,1.84e+00,-1.48e-01,
827,1.84e+00,-1.48e-01,
828,1.84e+00,-1.48e-01,
829,1.84e+00,-1.48e-01,
830,1.84e+00,-1.48e-01,
831,1.84e+00,-1.48e-01,
832,1.84e+00,-1.48e-01,
833,1.84e+00,-1.48e-01,
834,1.84e+00,-1.48e-01,
835,1.84e+00,-1.48e-01,
836,1.84e+00,-1.48e-01,
837,1.84e+00,-1.48e-01,
838,1.84e+00,-1.48e-01,
839,1.84e+00,-1.48e-01,
840,1.84e+00,-1.48e-01,
841,1.84e+00,-1.48e-01,
842,1.84e+00,-1.48e-01,
843,1.84e+00,-1.48e-01,
844,1.84e+00,-1.48e-01,
845,1.84e+00,-1.48e-01,
846,1.84e+00,-1.48e-01,
847,1.84e+00,-1.48e-01,
848,1.84e+00,-1.48e-01,
849,1.84e+00,-1.48e-01,
850,1.84e+00,-1.48e-01,
851,1.84e+00,-1.48e-01,
852,1.84e+00,-1.48e-01,
853,1.84e+00,-1.48e-01,
854,1.84e+00,-1.48e-01,
855,1.84e+00,-1.48e-01,
856,1.84e+00,-1.48e-01,
857,1.84e+00,-1.48e-01,
858,1.84e+00,-1.48e-01,
859,1.84e+00,-1.48e-01,
860,1.84e+00,-1.48e-01,
861,1.84e+00,-1.48e-01,
862,1.84e+00,-1.48e-01,
863,1.84e+00,-1.48e-01,
864,1.84e+00,-1.48e-01,
865,1.84e+00,-1.48e-01,
866,1.84e+00,-1.48e-01,
867,1.84e+00,-1.48e-01,
868,1.84e+00,-1.48e-01,
869,1.84e+00,-1.48e-01,
870,1.84e+00,-1.48e-01,
871,1.84e+00,-1.48e-01,
872,1.84e+00,-1.48e-01,
873,1.84e+00,-1.48e-01,
874,1.84e+00,-1.48e-01,
875,1.84e+00,-1.48e-01,
876,1.84e+00,-1.48e-01,
877,1.84e+00,-1.48e-01,
878,1.84e+00,-1.48e-01,
879,1.84e+00,-1.48e-01,
880,1.84e+00,-1.48e-01,
881,1.84e+00,-1.48e-01,
882,1.84e+00,-1.48e-01,
883,1.84e+00,-1.48e-01,
884,1.84e+00,-1.48e-01,
885,1.84e+00,-1.48e-01,
886,1.84e+00,-1.48e-01,
887,1.84e+00,-1.48e-01,
888,1.84e+00,-1.48e-01,
889,1.84e+00,-1.48e-01,
890,1.84e+00,-1.48e-01,
891,1.84e+00,-1.48e-01,
892,1.84e+00,-1.48e-01,
893,1.84e+00,-1.48e-01,
894,1.84e+00,-1.48e-01,
895,1.84e+00,-1.48e-01,
896,1.84e+00,-1.48e-01,
897,1.84e+00,-1.48e-01,
898,1.84e+00,-1.48e-01,
899,1.84e+00,-1.48e-01,
900,1.84e+00,-1.48e-01,
901,1.84e+00,-1.48e-01,
902,1.84e+00,-1.48e-01,
903,1.84e+00,-1.48e-01,
904,1.84e+00,-1.48e-01,
905,1.84e+00,-1.48e-01,
906,1.84e+00,-1.48e-01,
907,1.84e+00,-1.48e-01,
908,1.84e+00,-1.48e-01,
909,1.84e+00,-1.48e-01,
910,1.84e+00,-1.48e-01,
911,1.84e+00,-1.48e-01,
912,1.84e+00,-1.48e-01,
913,1.84e+00,-1.48e-01,
914,1.84e+00,-1.48e-01,
915,1.84e+00,-1.48e-01,
916,1.84e+00,-1.48e-01,
917,1.84e+00,-1.48e-01,
918,1.84e+00,-1.48e-01,
919,1.84e+00,-1.48e-01,
920,1.84e+00,-1.48e-01,
921,1.84e+00,-1.48e-01,
922,1.84e+00,-1.48e-01,
923,1.84e+00,-1.48e-01,
924,1.84e+00,-1.48e-01,
925,1.84e+00,-1.48e-01,
926,1.84e+00,-1.48e-01,
927,1.84e+00,-1.48e-01,
928,1.84e+00,-1.48e-01,
929,1.84e+00,-1.48e-01,
930,1.84e+00,-1.48e-01,
931,1.84e+00,-1.48e-01,
932,1.84e+00,-1.48e-01,
933,1.84e+00,-1.48e-01,
934,1.84e+00,-1.48e-01,
935,1.84e+00,-1.48e-01,
936,1.84e+00,-1.48e-01,
937,1.84e+00,-1.48e-01,
938,1.84e+00,-1.48e-01,
939,1.84e+00,-1.48e-01,
940,1.84e+00,-1.48e-01,
941,1.84e+00,-1.48e-01,
942,1.84e+00,-1.48e-01,
943,1.84e+00,-1.48e-01,
944,1.84e+00,-1.48e-01,
945,1.84e+00,-1.48e-01,
946,1.84e+00,-1.48e-01,
947,1.84e+00,-1.48e-01,
948,1.84e+00,-1.48e-01,
949,1.84e+00,-1.48e-01,
950,1.84e+00,-1.48e-01,
951,1.84e+00,-1.48e-01,
952,1.84e+00,-1.48e-01,
953,1.84e+00,-1.48e-01,
954,1.84e+00,-1.48e-01,
955,1.84e+00,-1.48e-01,
956,1.84e+00,-1.48e-01,
957,1.84e+00,-1.48e-01,
958,1.84e+00,-1.48e-01,
959,1.84e+00,-1.48e-01,
960,1.84e+00,-1.48e-01,
961,1.84e+00,-1.48e-01,
962,1.84e+00,-1.48e-01,
963,1.84e+00,-1.48e-01,
964,1.84e+00,-1.48e-01,
965,1.84e+00,-1.48e-01,
966,1.84e+00,-1.48e-01,
967,1.84e+00,-1.48e-01,
968,1.84e+00,-1.48e-01,
969,1.84e+00,-1.48e-01,
970,1.84e+00,-1.48e-01,
971,1.84e+00,-1.48e-01,
972,1.84e+00,-1.48e-01,
973,1.84e+00,-1.48e-01,
974,1.84e+00,-1.48e-01,
975,1.84e+00,-1.48e-01,
976,1.84e+00,-1.48e-01,
977,1.84e+00,-1.48e-01,
978,1.84e+00,-1.48e-01,
979,1.84e+00,-1.48e-01,
980,1.84e+00,-1.48e-01,
981,1.84e+00,-1.48e-01,
982,1.84e+00,-1.48e-01,
983,1.84e+00,-1.48e-01,
984,1.84e+00,-1.48e-01,
985,1.84e+00,-1.48e-01,
986,1.84e+00,-1.48e-01,
987,1.84e+00,-1.48e-01,
988,1.84e+00,-1.48e-01,
989,1.84e+00,-1.48e-01,
990,1.84e+00,-1.48e-01,
991,1.84e+00,-1.48e-01,
992,1.84e+00,-1.48e-01,
993,1.84e+00,-1.48e-01,
994,1.84e+00,-1.48e-01,
995,1.84e+00,-1.48e-01,
996,1.84e+00,-1.48e-01,
997,1.84e+00,-1.48e-01,
998,1.84e+00,-1.48e-01,
999,1.84e+00,-1.48e-01,
1000,1.84e+00,-1.48e-01,
1001,1.84e+00,-1.48e-01,
1002,1.84e+00,-1.48e-01,
1003,1.84e+00,-1.48e-01,
1004,1.84e+00,-1.48e-01,
1005,1.84e+00,-1.48e-01,
1006,1.84e+00,-1.48e-01,
1007,1.84e+00,-1.48e-01,
1008,1.84e+00,-1.48e-01,
1009,1.84e+00,-1.48e-01,
1010,1.84e+00,-1.48e-01,
1011,1.84e+00,-1.48e-01,
1012,1.84e+00,-1.48e-01,
1013,1.84e+00,-1.48e-01,
1014,1.84e+00,-1.48e-01,
1015,1.84e+00,-1.48e-01,
1016,1.84e+00,-1.48e-01,
1017,1.84e+00,-1.48e-01,
1018,1.84e+00,-1.48e-01,
1019,1.84e+00,-1.48e-01,
1020,1.84e+00,-1.48e-01,
1021,1.84e+00,-1.48e-01,
1022,1.84e+00,-1.48e-01,
1023,1.84e+00,-1.48e-01,
1024,1.84e+00,-1.48e-01,
1025,1.84e+00,-1.48e-01,
1026,1.84e+00,-1.48e-01,
1027,1.84e+00,-1.48e-01,
1028,1.84e+00,-1.48e-01,
1029,1.84e+00,-1.48e-01,
1030,1.84e+00,-1.48e-01,
1031,1.84e+00,-1.48e-01,
1032,1.84e+00,-1.48e-01,
1033,1.84e+00,-1.48e-01,
1034,1.84e+00,-1.48e-01,
1035,1.84e+00,-1.48e-01,
1036,1.84e+00,-1.48e-01,
1037,1.84e+00,-1.48e-01,
1038,1.84e+00,-1.48e-01,
1039,1.84e+00,-1.48e-01,
1040,1.84e+00,-1.48e-01,
1041,1.84e+00,-1.48e-01,
1042,1.84e+00,-1.48e-01,
1043,1.84e+00,-1.48e-01,
1044,1.84e+00,-1.48e-01,
1045,1.84e+00,-1.48e-01,
1046,1.84e+00,-1.48e-01,
1047,1.84e+00,-1.48e-01,
1048,1.84e+00,-1.48e-01,
1049,1.84e+00,-1.48e-01,
1050,1.84e+00,-1.48e-01,
1051,1.84e+00,-1.48e-01,
1052,1.84e+00,-1.48e-01,
1053,1.84e+00,-1.48e-01,
1054,1.84e+00,-1.48e-01,
1055,1.84e+00,-1.48e-01,
1056,1.84e+00,-1.48e-01,
1057,1.84e+00,-1.48e-01,
1058,1.84e+00,-1.48e-01,
1059,1.84e+00,-1.48e-01,
1060,1.84e+00,-1.48e-01,
1061,1.84e+00,-1.48e-01,
1062,1.84e+00,-1.48e-01,
1063,1.84e+00,-1.48e-01,
1064,1.84e+00,-1.48e-01,
1065,1.84e+00,-1.48e-01,
1066,1.84e+00,-1.48e-01,
1067,1.84e+00,-1.48e-01,
1068,1.84e+00,-1.48e-01,
1069,1.84e+00,-1.48e-01,
1070,1.84e+00,-1.48e-01,
1071,1.84e+00,-1.48e-01,
1072,1.84e+00,-1.48e-01,
1073,1.84e+00,-1.48e-01,
1074,1.84e+00,-1.48e-01,
1075,1.84e+00,-1.48e-01,
1076,1.84e+00,-1.48e-01,
1077,1.84e+00,-1.48e-01,
1078,1.84e+00,-1.48e-01,
1079,1.84e+00,-1.48e-01,
1080,1.84e+00,-1.48e-01,
1081,1.84e+00,-1.48e-01,
1082,1.84e+00,-1.48e-01,
1083,1.84e+00,-1.48e-01,
1084,1.84e+00,-1.48e-01,
1085,1.84e+00,-1.48e-01,
1086,1.84e+00,-1.48e-01,
1087,1.84e+00,-1.48e-01,
1088,1.84e+00,-1.48e-01,
1089,1.84e+00,-1.48e-01,
1090,1.84e+00,-1.48e-01,
1091,1.84e+00,-1.48e-01,
1092,1.84e+00,-1.48e-01,
1093,1.84e+00,-1.48e-01,
1094,1.84e+00,-1.48e-01,
1095,1.84e+00,-1.48e-01,
1096,1.84e+00,-1.48e-01,
1097,1.84e+00,-1.48e-01,
1098,1.84e+00,-1.48e-01,
1099,1.84e+00,-1.48e-01,
1100,1.84e+00,-1.48e-01,
1101,1.84e+00,-1.48e-01,
1102,1.84e+00,-1.48e-01,
1103,1.84e+00,-1.48e-01,
1104,1.84e+00,-1.48e-01,
1105,1.84e+00,-1.48e-01,
1106,1.84e+00,-1.48e-01,
1107,1.84e+00,-1.48e-01,
1108,1.84e+00,-1.48e-01,
1109,1.84e+00,-1.48e-01,
1110,1.84e+00,-1.48e-01,
1111,1.84e+00,-1.48e-01,
1112,1.84e+00,-1.48e-01,
1113,1.84e+00,-1.48e-01,
1114,1.84e+00,-1.48e-01,
1115,1.84e+00,-1.48e-01,
1116,1.84e+00,-1.48e-01,
1117,1.84e+00,-1.48e-01,
1118,1.84e+00,-1.48e-01,
1119,1.84e+00,-1.48e-01,
1120,1.84e+00,-1.48e-01,
1121,1.84e+00,-1.48e-01,
1122,1.84e+00,-1.48e-01,
1123,1.84e+00,-1.48e-01,
1124,1.84e+00,-1.48e-01,
1125,1.84e+00,-1.48e-01,
1126,1.84e+00,-1.48e-01,
1127,1.84e+00,-1.48e-01,
1128,1.84e+00,-1.48e-01,
1129,1.84e+00,-1.48e-01,
1130,1.84e+00,-1.48e-01,
1131,1.84e+00,-1.48e-01,
1132,1.84e+00,-1.48e-01,
1133,1.84e+00,-1.48e-01,
1134,1.84e+00,-1.48e-01,
1135,1.84e+00,-1.48e-01,
1136,1.84e+00,-1.48e-01,
1137,1.84e+00,-1.48e-01,
1138,1.84e+00,-1.48e-01,
1139,1.84e+00,-1.48e-01,
1140,1.84e+00,-1.48e-01,
1141,1.84e+00,-1.48e-01,
1142,1.84e+00,-1.48e-01,
1143,1.84e+00,-1.48e-01,
1144,1.84e+00,-1.48e-01,
1145,1.84e+00,-1.48e-01,
1146,1.84e+00,-1.48e-01,
1147,1.84e+00,-1.48e-01,
1148,1.84e+00,-1.48e-01,
1149,1.84e+00,-1.48e-01,
1150,1.84e+00,-1.48e-01,
1151,1.84e+00,-1.48e-01,
1152,1.84e+00,-1.48e-01,
1153,1.84e+00,-1.48e-01,
1154,1.84e+00,-1.48e-01,
1155,1.84e+00,-1.48e-01,
1156,1.84e+00,-1.48e-01,
1157,1.84e+00,-1.48e-01,
1158,1.84e+00,-1.48e-01,
1159,1.84e+00,-1.48e-01,
1160,1.84e+00,-1.48e-01,
1161,1.84e+00,-1.48e-01,
1162,1.84e+00,-1.48e-01,
1163,1.84e+00,-1.48e-01,
1164,1.84e+00,-1.48e-01,
1165,1.84e+00,-1.48e-01,
1166,1.84e+00,-1.48e-01,
1167,1.84e+00,-1.48e-01,
1168,1.84e+00,-1.48e-01,
1169,1.84e+00,-1.48e-01,
1170,1.84e+00,-1.48e-01,
1171,1.84e+00,-1.48e-01,
1172,1.84e+00,-1.48e-01,
1173,1.84e+00,-1.48e-01,
1174,1.84e+00,-1.48e-01,
1175,1.84e+00,-1.48e-01,
1176,1.84e+00,-1.48e-01,
1177,1.84e+00,-1.48e-01,
1178,1.84e+00,-1.48e-01,
1179,1.84e+00,-1.48e-01,
1180,1.84e+00,-1.48e-01,
1181,1.84e+00,-1.48e-01,
1182,1.84e+00,-1.48e-01,
1183,1.84e+00,-1.48e-01,
1184,1.84e+00,-1.48e-01,
1185,1.84e+00,-1.48e-01,
1186,1.84e+00,-1.48e-01,
1187,1.84e+00,-1.48e-01,
1188,1.84e+00,-1.48e-01,
1189,1.84e+00,-1.48e-01,
1190,1.84e+00,-1.48e-01,
1191,1.84e+00,-1.48e-01,
1192,1.84e+00,-1.48e-01,
1193,1.84e+00,-1.48e-01,
1194,1.84e+00,-1.48e-01,
1195,1.84e+00,-1.48e-01,
1196,1.84e+00,-1.48e-01,
1197,1.84e+00,-1.48e-01,
1198,1.84e+00,-1.48e-01,
1199,1.84e+00,-1.48e-01,
1200,1.84e+00,-1.48e-01,
1201,1.84e+00,-1.48e-01,
1202,1.84e+00,-1.48e-01,
1203,1.84e+00,-1.48e-01,
1204,1.84e+00,-1.48e-01,
1205,1.84e+00,-1.48e-01,
1206,1.84e+00,-1.48e-01,
1207,1.84e+00,-1.48e-01,
1208,1.84e+00,-1.48e-01,
1209,1.84e+00,-1.48e-01,
1210,1.84e+00,-1.48e-01,
1211,1.84e+00,-1.48e-01,
1212,1.84e+00,-1.48e-01,
1213,1.84e+00,-1.48e-01,
1214,1.84e+00,-1.48e-01,
1215,1.84e+00,-1.48e-01,
1216,1.84e+00,-1.48e-01,
1217,1.84e+00,-1.48e-01,
1218,1.84e+00,-1.48e-01,
1219,1.84e+00,-1.48e-01,
1220,1.84e+00,-1.48e-01,
1221,1.84e+00,-1.48e-01,
1222,1.84e+00,-1.48e-01,
1223,1.84e+00,-1.48e-01,
1224,1.84e+00,-1.48e-01,
1225,1.84e+00,-1.48e-01,
1226,1.84e+00,-1.48e-01,
1227,1.84e+00,-1.48e-01,
1228,1.84e+00,-1.48e-01,
1229,1.84e+00,-1.48e-01,
1230,1.84e+00,-1.48e-01,
1231,1.84e+00,-1.48e-01,
1232,1.84e+00,-1.48e-01,
1233,1.84e+00,-1.48e-01,
1234,1.84e+00,-1.48e-01,
1235,1.84e+00,-1.48e-01,
1236,1.84e+00,-1.48e-01,
1237,1.84e+00,-1.48e-01,
1238,1.84e+00,-1.48e-01,
1239,1.84e+00,-1.48e-01,
1240,1.84e+00,-1.48e-01,
1241,1.84e+00,-1.48e-01,
1242,1.84e+00,-1.48e-01,
1243,1.84e+00,-1.48e-01,
1244,1.84e+00,-1.48e-01,
1245,1.84e+00,-1.48e-01,
1246,1.84e+00,-1.48e-01,
1247,1.84e+00,-1.48e-01,
1248,1.84e+00,-1.48e-01,
1249,1.84e+00,-1.48e-01,
1250,1.84e+00,-1.48e-01,
1251,1.84e+00,-1.48e-01,
1252,1.84e+00,-1.48e-01,
1253,1.84e+00,-1.48e-01,
1254,1.84e+00,-1.48e-01,
1255,1.84e+00,-1.48e-01,
1256,1.84e+00,-1.48e-01,
1257,1.84e+00,-1.48e-01,
1258,1.84e+00,-1.48e-01,
1259,1.84e+00,-1.48e-01,
1260,1.84e+00,-1.48e-01,
1261,1.84e+00,-1.48e-01,
1262,1.84e+00,-1.48e-01,
1263,1.84e+00,-1.48e-01,
1264,1.84e+00,-1.48e-01,
1265,1.84e+00,-1.48e-01,
1266,1.84e+00,-1.48e-01,
1267,1.84e+00,-1.48e-01,
1268,1.84e+00,-1.48e-01,
1269,1.84e+00,-1.48e-01,
1270,1.84e+00,-1.48e-01,
1271,1.84e+00,-1.48e-01,
1272,1.84e+00,-1.48e-01,
1273,1.84e+00,-1.48e-01,
1274,1.84e+00,-1.48e-01,
1275,1.84e+00,-1.48e-01,
1276,1.84e+00,-1.48e-01,
1277,1.84e+00,-1.48e-01,
1278,1.84e+00,-1.48e-01,
1279,1.84e+00,-1.48e-01,
1280,1.84e+00,-1.48e-01,
1281,1.84e+00,-1.48e-01,
1282,1.84e+00,-1.48e-01,
1283,1.84e+00,-1.48e-01,
1284,1.84e+00,-1.48e-01,
1285,1.84e+00,-1.48e-01,
1286,1.84e+00,-1.48e-01,
1287,1.84e+00,-1.48e-01,
1288,1.84e+00,-1.48e-01,
1289,1.84e+00,-1.48e-01,
1290,1.84e+00,-1.48e-01,
1291,1.84e+00,-1.48e-01,
1292,1.84e+00,-1.48e-01,
1293,1.84e+00,-1.48e-01,
1294,1.84e+00,-1.48e-01,
1295,1.84e+00,-1.48e-01,
1296,1.84e+00,-1.48e-01,
1297,1.84e+00,-1.48e-01,
1298,1.84e+00,-1.48e-01,
1299,1.84e+00,-1.48e-01,
1300,1.84e+00,-1.48e-01,
1301,1.84e+00,-1.48e-01,
1302,1.84e+00,-1.48e-01,
1303,1.84e+00,-1.48e-01,
1304,1.84e+00,-1.48e-01,
1305,1.84e+00,-1.48e-01,
1306,1.84e+00,-1.48e-01,
1307,1.84e+00,-1.48e-01,
1308,1.84e+00,-1.48e-01,
1309,1.84e+00,-1.48e-01,
1310,1.84e+00,-1.48e-01,
1311,1.84e+00,-1.48e-01,
1312,1.84e+00,-1.48e-01,
1313,1.84e+00,-1.48e-01,
1314,1.84e+00,-1.48e-01,
1315,1.84e+00,-1.48e-01,
1316,1.84e+00,-1.48e-01,
1317,1.84e+00,-1.48e-01,
1318,1.84e+00,-1.48e-01,
1319,1.84e+00,-1.48e-01,
1320,1.84e+00,-1.48e-01,
1321,1.84e+00,-1.48e-01,
1322,1.84e+00,-1.48e-01,
1323,1.84e+00,-1.48e-01,
1324,1.84e+00,-1.48e-01,
1325,1.84e+00,-1.48e-01,
1326,1.84e+00,-1.48e-01,
1327,1.84e+00,-1.48e-01,
1328,1.84e+00,-1.48e-01,
1329,1.84e+00,-1.48e-01,
1330,1.84e+00,-1.48e-01,
1331,1.84e+00,-1.48e-01,
1332,1.84e+00,-1.48e-01,
1333,1.84e+00,-1.48e-01,
1334,1.84e+00,-1.48e-01,
1335,1.84e+00,-1.48e-01,
1336,1.84e+00,-1.48e-01,
1337,1.84e+00,-1.48e-01,
1338,1.84e+00,-1.48e-01,
1339,1.84e+00,-1.48e-01,
1340,1.84e+00,-1.48e-01,
1341,1.84e+00,-1.48e-01,
1342,1.84e+00,-1.48e-01,
1343,1.84e+00,-1.48e-01,
1344,1.84e+00,-1.48e-01,
1345,1.84e+00,-1.48e-01,
1346,1.84e+00,-1.48e-01,
1347,1.84e+00,-1.48e-01,
1348,1.84e+00,-1.48e-01,
1349,1.84e+00,-1.48e-01,
1350,1.84e+00,-1.48e-01,
1351,1.84e+00,-1.48e-01,
1352,1.84e+00,-1.48e-01,
1353,1.84e+00,-1.48e-01,
1354,1.84e+00,-1.48e-01,
1355,1.84e+00,-1.48e-01,
1356,1.84e+00,-1.48e-01,
1357,1.84e+00,-1.48e-01,
1358,1.84e+00,-1.48e-01,
1359,1.84e+00,-1.48e-01,
1360,1.84e+00,-1.48e-01,
1361,1.84e+00,-1.48e-01,
1362,1.84e+00,-1.48e-01,
1363,1.84e+00,-1.48e-01,
1364,1.84e+00,-1.48e-01,
1365,1.84e+00,-1.48e-01,
1366,1.84e+00,-1.48e-01,
1367,1.84e+00,-1.48e-01,
1368,1.84e+00,-1.48e-01,
1369,1.84e+00,-1.48e-01,
1370,1.84e+00,-1.48e-01,
1371,1.84e+00,-1.48e-01,
1372,1.84e+00,-1.48e-01,
1373,1.84e+00,-1.48e-01,
1374,1.84e+00,-1.48e-01,
1375,1.84e+00,-1.48e-01,
1376,1.84e+00,-1.48e-01,
1377,1.84e+00,-1.48e-01,
1378,1.84e+00,-1.48e-01,
1379,1.84e+00,-1.48e-01,
1380,1.84e+00,-1.48e-01,
1381,1.84e+00,-1.48e-01,
1382,1.84e+00,-1.48e-01,
1383,1.84e+00,-1.48e-01,
1384,1.84e+00,-1.48e-01,
1385,1.84e+00,-1.48e-01,
1386,1.84e+00,-1.48e-01,
1387,1.84e+00,-1.48e-01,
1388,1.84e+00,-1.48e-01,
1389,1.84e+00,-1.48e-01,
1390,1.84e+00,-1.48e-01,
1391,1.84e+00,-1.48e-01,
1392,1.84e+00,-1.48e-01,
1393,1.84e+00,-1.48e-01,
1394,1.84e+00,-1.48e-01,
1395,1.84e+00,-1.48e-01,
1396,1.84e+00,-1.48e-01,
1397,1.84e+00,-1.48e-01,
1398,1.84e+00,-1.48e-01,
1399,1.84e+00,-1.48e-01,
1400,1.84e+00,-1.48e-01,
1401,1.84e+00,-1.48e-01,
1402,1.84e+00,-1.48e-01,
1403,1.84e+00,-1.48e-01,
1404,1.84e+00,-1.48e-01,
1405,1.84e+00,-1.48e-01,
1406,1.84e+00,-1.48e-01,
1407,1.84e+00,-1.48e-01,
1408,1.84e+00,-1.48e-01,
1409,1.84e+00,-1.48e-01,
1410,1.84e+00,-1.48e-01,
1411,1.84e+00,-1.48e-01,
1412,1.84e+00,-1.48e-01,
1413,1.84e+00,-1.48e-01,
1414,1.84e+00,-1.48e-01,
1415,1.84e+00,-1.48e-01,
1416,1.84e+00,-1.48e-01,
1417,1.84e+00,-1.48e-01,
1418,1.84e+00,-1.48e-01,
1419,1.84e+00,-1.48e-01,
1420,1.84e+00,-1.48e-01,
1421,1.84e+00,-1.48e-01,
1422,1.84e+00,-1.48e-01,
1423,1.84e+00,-1.48e-01,
1424,1.84e+00,-1.48e-01,
1425,1.84e+00,-1.48e-01,
1426,1.84e+00,-1.48e-01,
1427,1.84e+00,-1.48e-01,
1428,1.84e+00,-1.48e-01,
1429,1.84e+00,-1.48e-01,
1430,1.84e+00,-1.48e-01,
1431,1.84e+00,-1.48e-01,
1432,1.84e+00,-1.48e-01,
1433,1.84e+00,-1.48e-01,
1434,1.84e+00,-1.48e-01,
1435,1.84e+00,-1.48e-01,
1436,1.84e+00,-1.48e-01,
1437,1.84e+00,-1.48e-01,
1438,1.84e+00,-1.48e-01,
1439,1.84e+00,-1.48e-01,
1440,1.84e+00,-1.48e-01,
1441,1.84e+00,-1.48e-01,
1442,1.84e+00,-1.48e-01,
1443,1.84e+00,-1.48e-01,
1444,1.84e+00,-1.48e-01,
1445,1.84e+00,-1.48e-01,
1446,1.84e+00,-1.48e-01,
1447,1.84e+00,-1.48e-01,
1448,1.84e+00,-1.48e-01,
1449,1.84e+00,-1.48e-01,
1450,1.84e+00,-1.48e-01,
1451,1.84e+00,-1.48e-01,
1452,1.84e+00,-1.48e-01,
1453,1.84e+00,-1.48e-01,
1454,1.84e+00,-1.48e-01,
1455,1.84e+00,-1.48e-01,
1456,1.84e+00,-1.48e-01,
1457,1.84e+00,-1.48e-01,
1458,1.84e+00,-1.48e-01,
1459,1.84e+00,-1.48e-01,
1460,1.84e+00,-1.48e-01,
1461,1.84e+00,-1.48e-01,
1462,1.84e+00,-1.48e-01,
1463,1.84e+00,-1.48e-01,
1464,1.84e+00,-1.48e-01,
1465,1.84e+00,-1.48e-01,
1466,1.84e+00,-1.48e-01,
1467,1.84e+00,-1.48e-01,
1468,1.84e+00,-1.48e-01,
1469,1.84e+00,-1.48e-01,
1470,1.84e+00,-1.48e-01,
1471,1.84e+00,-1.48e-01,
1472,1.84e+00,-1.48e-01,
1473,1.84e+00,-1.48e-01,
1474,1.84e+00,-1.48e-01,
1475,1.84e+00,-1.48e-01,
1476,1.84e+00,-1.48e-01,
1477,1.84e+00,-1.48e-01,
1478,1.84e+00,-1.48e-01,
1479,1.84e+00,-1.48e-01,
1480,1.84e+00,-1.48e-01,
1481,1.84e+00,-1.48e-01,
1482,1.84e+00,-1.48e-01,
1483,1.84e+00,-1.48e-01,
1484,1.84e+00,-1.48e-01,
1485,1.84e+00,-1.48e-01,
1486,1.84e+00,-1.48e-01,
1487,1.84e+00,-1.48e-01,
1488,1.84e+00,-1.48e-01,
1489,1.84e+00,-1.48e-01,
1490,1.84e+00,-1.48e-01,
1491,1.84e+00,-1.48e-01,
1492,1.84e+00,-1.48e-01,
1493,1.84e+00,-1.48e-01,
1494,1.84e+00,-1.48e-01,
1495,1.84e+00,-1.48e-01,
1496,1.84e+00,-1.48e-01,
1497,1.84e+00,-1.48e-01,
1498,1.84e+00,-1.48e-01,
1499,1.84e+00,-1.48e-01,
1500,1.84e+00,-1.48e-01,
1501,1.84e+00,-1.48e-01,
1502,1.84e+00,-1.48e-01,
1503,1.84e+00,-1.48e-01,
1504,1.84e+00,-1.48e-01,
1505,1.84e+00,-1.48e-01,
1506,1.84e+00,-1.48e-01,
1507,1.84e+00,-1.48e-01,
1508,1.84e+00,-1.48e-01,
1509,1.84e+00,-1.48e-01,
1510,1.84e+00,-1.48e-01,
1511,1.84e+00,-1.48e-01,
1512,1.84e+00,-1.48e-01,
1513,1.84e+00,-1.48e-01,
1514,1.84e+00,-1.48e-01,
1515,1.84e+00,-1.48e-01,
1516,1.84e+00,-1.48e-01,
1517,1.84e+00,-1.48e-01,
1518,1.84e+00,-1.48e-01,
1519,1.84e+00,-1.48e-01,
1520,1.84e+00,-1.48e-01,
1521,1.84e+00,-1.48e-01,
1522,1.84e+00,-1.48e-01,
1523,1.84e+00,-1.48e-01,
1524,1.84e+00,-1.48e-01,
1525,1.84e+00,-1.48e-01,
1526,1.84e+00,-1.48e-01,
1527,1.84e+00,-1.48e-01,
1528,1.84e+00,-1.48e-01,
1529,1.84e+00,-1.48e-01,
1530,1.84e+00,-1.48e-01,
1531,1.84e+00,-1.48e-01,
1532,1.84e+00,-1.48e-01,
1533,1.84e+00,-1.48e-01,
1534,1.84e+00,-1.48e-01,
1535,1.84e+00,-1.48e-01,
1536,1.84e+00,-1.48e-01,
1537,1.84e+00,-1.48e-01,
1538,1.84e+00,-1.48e-01,
1539,1.84e+00,-1.48e-01,
1540,1.84e+00,-1.48e-01,
1541,1.84e+00,-1.48e-01,
1542,1.84e+00,-1.48e-01,
1543,1.84e+00,-1.48e-01,
1544,1.84e+00,-1.48e-01,
1545,1.84e+00,-1.48e-01,
1546,1.84e+00,-1.48e-01,
1547,1.84e+00,-1.48e-01,
1548,1.84e+00,-1.48e-01,
1549,1.84e+00,-1.48e-01,
1550,1.84e+00,-1.48e-01,
1551,1.84e+00,-1.48e-01,
1552,1.84e+00,-1.48e-01,
1553,1.84e+00,-1.48e-01,
1554,1.84e+00,-1.48e-01,
1555,1.84e+00,-1.48e-01,
1556,1.84e+00,-1.48e-01,
1557,1.84e+00,-1.48e-01,
1558,1.84e+00,-1.48e-01,
1559,1.84e+00,-1.48e-01,
1560,1.84e+00,-1.48e-01,
1561,1.84e+00,-1.48e-01,
1562,1.84e+00,-1.48e-01,
1563,1.84e+00,-1.48e-01,
1564,1.84e+00,-1.48e-01,
1565,1.84e+00,-1.48e-01,
1566,1.84e+00,-1.48e-01,
1567,1.84e+00,-1.48e-01,
1568,1.84e+00,-1.48e-01,
1569,1.84e+00,-1.48e-01,
1570,1.84e+00,-1.48e-01,
1571,1.84e+00,-1.48e-01,
1572,1.84e+00,-1.48e-01,
1573,1.84e+00,-1.48e-01,
1574,1.84e+00,-1.48e-01,
1575,1.84e+00,-1.48e-01,
1576,1.84e+00,-1.48e-01,
1577,1.84e+00,-1.48e-01,
1578,1.84e+00,-1.48e-01,
1579,1.84e+00,-1.48e-01,
1580,1.84e+00,-1.48e-01,
1581,1.84e+00,-1.48e-01,
1582,1.84e+00,-1.48e-01,
1583,1.84e+00,-1.48e-01,
1584,1.84e+00,-1.48e-01,
1585,1.84e+00,-1.48e-01,
1586,1.84e+00,-1.48e-01,
1587,1.84e+00,-1.48e-01,
1588,1.84e+00,-1.48e-01,
1589,1.84e+00,-1.48e-01,
1590,1.84e+00,-1.48e-01,
1591,1.84e+00,-1.48e-01,
1592,1.84e+00,-1.48e-01,
1593,1.84e+00,-1.48e-01,
1594,1.84e+00,-1.48e-01,
1595,1.84e+00,-1.48e-01,
1596,1.84e+00,-1.48e-01,
1597,1.84e+00,-1.48e-01,
1598,1.84e+00,-1.48e-01,
1599,1.84e+00,-1.48e-01,
1600,1.84e+00,-1.48e-01,
1601,1.84e+00,-1.48e-01,
1602,1.84e+00,-1.48e-01,
1603,1.84e+00,-1.48e-01,
1604,1.84e+00,-1.48e-01,
1605,1.84e+00,-1.48e-01,
1606,1.84e+00,-1.48e-01,
1607,1.84e+00,-1.48e-01,
1608,1.84e+00,-1.48e-01,
1609,1.84e+00,-1.48e-01,
1610,1.84e+00,-1.48e-01,
1611,1.84e+00,-1.48e-01,
1612,1.84e+00,-1.48e-01,
1613,1.84e+00,-1.48e-01,
1614,1.84e+00,-1.48e-01,
1615,1.84e+00,-1.48e-01,
1616,1.84e+00,-1.48e-01,
1617,1.84e+00,-1.48e-01,
1618,1.84e+00,-1.48e-01,
1619,1.84e+00,-1.48e-01,
1620,1.84e+00,-1.48e-01,
1621,1.84e+00,-1.48e-01,
1622,1.84e+00,-1.48e-01,
1623,1.84e+00,-1.48e-01,
1624,1.84e+00,-1.48e-01,
1625,1.84e+00,-1.48e-01,
1626,1.84e+00,-1.48e-01,
1627,1.84e+00,-1.48e-01,
1628,1.84e+00,-1.48e-01,
1629,1.84e+00,-1.48e-01,
1630,1.84e+00,-1.48e-01,
1631,1.84e+00,-1.48e-01,
1632,1.84e+00,-1.48e-01,
1633,1.84e+00,-1.48e-01,
1634,1.84e+00,-1.48e-01,
1635,1.84e+00,-1.48e-01,
1636,1.84e+00,-1.48e-01,
1637,1.84e+00,-1.48e-01,
1638,1.84e+00,-1.48e-01,
1639,1.84e+00,-1.48e-01,
1640,1.84e+00,-1.48e-01,
1641,1.84e+00,-1.48e-01,
1642,1.84e+00,-1.48e-01,
1643,1.84e+00,-1.48e-01,
1644,1.84e+00,-1.48e-01,
1645,1.84e+00,-1.48e-01,
1646,1.84e+00,-1.48e-01,
1647,1.84e+00,-1.48e-01,
1648,1.84e+00,-1.48e-01,
1649,1.84e+00,-1.48e-01,
1650,1.84e+00,-1.48e-01,
1651,1.84e+00,-1.48e-01,
1652,1.84e+00,-1.48e-01,
1653,1.84e+00,-1.48e-01,
1654,1.84e+00,-1.48e-01,
1655,1.84e+00,-1.48e-01,
1656,1.84e+00,-1.48e-01,
1657,1.84e+00,-1.48e-01,
1658,1.84e+00,-1.48e-01,
1659,1.84e+00,-1.48e-01,
1660,1.84e+00,-1.48e-01,
1661,1.84e+00,-1.48e-01,
1662,1.84e+00,-1.48e-01,
1663,1.84e+00,-1.48e-01,
1664,1.84e+00,-1.48e-01,
1665,1.84e+00,-1.48e-01,
1666,1.84e+00,-1.48e-01,
1667,1.84e+00,-1.48e-01,
1668,1.84e+00,-1.48e-01,
1669,1.84e+00,-1.48e-01,
1670,1.84e+00,-1.48e-01,
1671,1.84e+00,-1.48e-01,
1672,1.84e+00,-1.48e-01,
1673,1.84e+00,-1.48e-01,
1674,1.84e+00,-1.48e-01,
1675,1.84e+00,-1.48e-01,
1676,1.84e+00,-1.48e-01,
1677,1.84e+00,-1.48e-01,
1678,1.84e+00,-1.56e-01,
1679,1.84e+00,-1.48e-01,
1680,1.84e+00,-1.48e-01,
1681,1.84e+00,-1.48e-01,
1682,1.84e+00,-1.48e-01,
1683,1.84e+00,-1.48e-01,
1684,1.84e+00,-1.48e-01,
1685,1.84e+00,-1.48e-01,
1686,1.84e+00,-1.48e-01,
1687,1.84e+00,-1.48e-01,
1688,1.84e+00,-1.48e-01,
1689,1.84e+00,-1.48e-01,
1690,1.84e+00,-1.48e-01,
1691,1.84e+00,-1.48e-01,
1692,1.84e+00,-1.48e-01,
1693,1.84e+00,-1.48e-01,
1694,1.84e+00,-1.48e-01,
1695,1.84e+00,-1.48e-01,
1696,1.84e+00,-1.48e-01,
1697,1.84e+00,-1.48e-01,
1698,1.84e+00,-1.48e-01,
1699,1.84e+00,-1.48e-01,
1700,1.84e+00,-1.48e-01,
1701,1.84e+00,-1.48e-01,
1702,1.84e+00,-1.48e-01,
1703,1.84e+00,-1.48e-01,
1704,1.84e+00,-1.48e-01,
1705,1.84e+00,-1.48e-01,
1706,1.84e+00,-1.48e-01,
1707,1.84e+00,-1.48e-01,
1708,1.84e+00,-1.48e-01,
1709,1.84e+00,-1.48e-01,
1710,1.84e+00,-1.48e-01,
1711,1.84e+00,-1.48e-01,
1712,1.84e+00,-1.48e-01,
1713,1.84e+00,-1.48e-01,
1714,1.84e+00,-1.48e-01,
1715,1.84e+00,-1.48e-01,
1716,1.84e+00,-1.48e-01,
1717,1.84e+00,-1.48e-01,
1718,1.84e+00,-1.48e-01,
1719,1.84e+00,-1.48e-01,
1720,1.84e+00,-1.48e-01,
1721,1.84e+00,-1.48e-01,
1722,1.84e+00,-1.48e-01,
1723,1.84e+00,-1.48e-01,
1724,1.84e+00,-1.48e-01,
1725,1.84e+00,-1.48e-01,
1726,1.84e+00,-1.48e-01,
1727,1.84e+00,-1.48e-01,
1728,1.84e+00,-1.48e-01,
1729,1.84e+00,-1.48e-01,
1730,1.84e+00,-1.48e-01,
1731,1.84e+00,-1.48e-01,
1732,1.84e+00,-1.48e-01,
1733,1.84e+00,-1.48e-01,
1734,1.84e+00,-1.48e-01,
1735,1.84e+00,-1.48e-01,
1736,1.84e+00,-1.48e-01,
1737,1.84e+00,-1.48e-01,
1738,1.84e+00,-1.48e-01,
1739,1.84e+00,-1.48e-01,
1740,1.84e+00,-1.48e-01,
1741,1.84e+00,-1.48e-01,
1742,1.84e+00,-1.48e-01,
1743,1.84e+00,-1.48e-01,
1744,1.84e+00,-1.48e-01,
1745,1.84e+00,-1.48e-01,
1746,1.84e+00,-1.48e-01,
1747,1.84e+00,-1.48e-01,
1748,1.84e+00,-1.48e-01,
1749,1.84e+00,-1.48e-01,
1750,1.84e+00,-1.48e-01,
1751,1.84e+00,-1.48e-01,
1752,1.84e+00,-1.48e-01,
1753,1.84e+00,-1.48e-01,
1754,1.84e+00,-1.48e-01,
1755,1.84e+00,-1.48e-01,
1756,1.84e+00,-1.48e-01,
1757,1.84e+00,-1.48e-01,
1758,1.84e+00,-1.48e-01,
1759,1.84e+00,-1.48e-01,
1760,1.84e+00,-1.48e-01,
1761,1.84e+00,-1.48e-01,
1762,1.84e+00,-1.48e-01,
1763,1.84e+00,-1.48e-01,
1764,1.84e+00,-1.48e-01,
1765,1.84e+00,-1.48e-01,
1766,1.84e+00,-1.48e-01,
1767,1.84e+00,-1.48e-01,
1768,1.84e+00,-1.48e-01,
1769,1.84e+00,-1.48e-01,
1770,1.84e+00,-1.48e-01,
1771,1.84e+00,-1.48e-01,
1772,1.84e+00,-1.48e-01,
1773,1.84e+00,-1.48e-01,
1774,1.84e+00,-1.48e-01,
1775,1.84e+00,-1.48e-01,
1776,1.84e+00,-1.48e-01,
1777,1.84e+00,-1.48e-01,
1778,1.84e+00,-1.48e-01,
1779,1.84e+00,-1.48e-01,
1780,1.84e+00,-1.48e-01,
1781,1.84e+00,-1.48e-01,
1782,1.84e+00,-1.48e-01,
1783,1.84e+00,-1.48e-01,
1784,1.84e+00,-1.48e-01,
1785,1.84e+00,-1.48e-01,
1786,1.84e+00,-1.48e-01,
1787,1.84e+00,-1.48e-01,
1788,1.84e+00,-1.48e-01,
1789,1.84e+00,-1.48e-01,
1790,1.84e+00,-1.48e-01,
1791,1.84e+00,-1.48e-01,
1792,1.84e+00,-1.48e-01,
1793,1.92e+00,-1.48e-01,
1794,1.84e+00,-1.48e-01,
1795,1.84e+00,-1.48e-01,
1796,1.84e+00,-1.48e-01,
1797,1.84e+00,-1.48e-01,
1798,1.84e+00,-1.48e-01,
1799,1.84e+00,-1.48e-01,
1800,1.84e+00,-1.48e-01,
1801,1.84e+00,-1.48e-01,
1802,1.84e+00,-1.48e-01,
1803,1.84e+00,-1.48e-01,
1804,1.84e+00,-1.48e-01,
1805,1.84e+00,-1.48e-01,
1806,1.84e+00,-1.48e-01,
1807,1.92e+00,-1.48e-01,
1808,1.84e+00,-1.48e-01,
1809,1.84e+00,-1.48e-01,
1810,1.92e+00,-1.48e-01,
1811,1.92e+00,-1.48e-01,
1812,1.92e+00,-1.48e-01,
1813,1.84e+00,-1.48e-01,
1814,1.84e+00,-1.48e-01,
1815,1.84e+00,-1.48e-01,
1816,1.84e+00,-1.48e-01,
1817,1.92e+00,-1.48e-01,
1818,1.92e+00,-1.48e-01,
1819,1.84e+00,-1.48e-01,
1820,1.92e+00,-1.48e-01,
1821,1.84e+00,-1.48e-01,
1822,1.92e+00,-1.48e-01,
1823,1.92e+00,-1.48e-01,
1824,1.92e+00,-1.48e-01,
1825,1.92e+00,-1.48e-01,
1826,1.92e+00,-1.48e-01,
1827,1.92e+00,-1.48e-01,
1828,1.92e+00,-1.48e-01,
1829,1.92e+00,-1.48e-01,
1830,1.92e+00,-1.48e-01,
1831,1.84e+00,-1.48e-01,
1832,1.84e+00,-1.48e-01,
1833,1.92e+00,-1.48e-01,
1834,1.92e+00,-1.48e-01,
1835,1.92e+00,-1.48e-01,
1836,1.92e+00,-1.48e-01,
1837,1.92e+00,-1.48e-01,
1838,1.92e+00,-1.48e-01,
1839,1.92e+00,-1.48e-01,
1840,1.92e+00,-1.48e-01,
1841,1.92e+00,-1.48e-01,
1842,1.92e+00,-1.48e-01,
1843,1.92e+00,-1.48e-01,
1844,1.92e+00,-1.48e-01,
1845,1.92e+00,-1.48e-01,
1846,1.92e+00,-1.48e-01,
1847,1.92e+00,-1.48e-01,
1848,1.92e+00,-1.48e-01,
1849,1.92e+00,-1.48e-01,
1850,1.92e+00,-1.48e-01,
1851,1.92e+00,-1.48e-01,
1852,1.92e+00,-1.48e-01,
1853,1.92e+00,-1.48e-01,
1854,1.92e+00,-1.48e-01,
1855,1.92e+00,-1.48e-01,
1856,1.92e+00,-1.48e-01,
1857,1.92e+00,-1.48e-01,
1858,1.92e+00,-1.48e-01,
1859,1.92e+00,-1.48e-01,
1860,1.92e+00,-1.48e-01,
1861,1.92e+00,-1.48e-01,
1862,1.92e+00,-1.48e-01,
1863,1.92e+00,-1.48e-01,
1864,1.92e+00,-1.48e-01,
1865,1.92e+00,-1.48e-01,
1866,1.92e+00,-1.48e-01,
1867,1.92e+00,-1.48e-01,
1868,1.92e+00,-1.48e-01,
1869,1.92e+00,-1.48e-01,
1870,1.92e+00,-1.48e-01,
1871,1.92e+00,-1.48e-01,
1872,1.92e+00,-1.48e-01,
1873,1.92e+00,-1.48e-01,
1874,1.92e+00,-1.48e-01,
1875,2.00e+00,-1.48e-01,
1876,1.92e+00,-1.48e-01,
1877,1.92e+00,-1.48e-01,
1878,1.92e+00,-1.48e-01,
1879,1.92e+00,-1.48e-01,
1880,1.92e+00,-1.48e-01,
1881,1.92e+00,-1.48e-01,
1882,1.92e+00,-1.48e-01,
1883,1.92e+00,-1.48e-01,
1884,1.92e+00,-1.48e-01,
1885,1.92e+00,-1.48e-01,
1886,2.00e+00,-1.48e-01,
1887,1.92e+00,-1.48e-01,
1888,1.92e+00,-1.48e-01,
1889,1.92e+00,-1.48e-01,
1890,2.00e+00,-1.48e-01,
1891,2.00e+00,-1.48e-01,
1892,2.00e+00,-1.48e-01,
1893,1.92e+00,-1.48e-01,
1894,2.00e+00,-1.48e-01,
1895,2.00e+00,-1.48e-01,
1896,1.92e+00,-1.48e-01,
1897,2.00e+00,-1.48e-01,
1898,2.00e+00,-1.48e-01,
1899,2.00e+00,-1.48e-01,
1900,2.00e+00,-1.48e-01,
1901,2.00e+00,-1.48e-01,
1902,2.00e+00,-1.48e-01,
1903,2.00e+00,-1.48e-01,
1904,2.00e+00,-1.48e-01,
1905,2.00e+00,-1.48e-01,
1906,2.00e+00,-1.48e-01,
1907,2.00e+00,-1.48e-01,
1908,2.00e+00,-1.48e-01,
1909,2.00e+00,-1.48e-01,
1910,2.00e+00,-1.48e-01,
1911,2.00e+00,-1.48e-01,
1912,2.00e+00,-1.48e-01,
1913,2.00e+00,-1.48e-01,
1914,2.00e+00,-1.48e-01,
1915,2.00e+00,-1.48e-01,
1916,2.00e+00,-1.48e-01,
1917,2.00e+00,-1.48e-01,
1918,2.00e+00,-1.48e-01,
1919,2.00e+00,-1.48e-01,
1920,2.00e+00,-1.48e-01,
1921,2.00e+00,-1.48e-01,
1922,2.00e+00,-1.48e-01,
1923,2.00e+00,-1.48e-01,
1924,2.00e+00,-1.48e-01,
1925,2.00e+00,-1.48e-01,
1926,2.00e+00,-1.48e-01,
1927,2.00e+00,-1.48e-01,
1928,2.00e+00,-1.48e-01,
1929,2.00e+00,-1.48e-01,
1930,2.00e+00,-1.48e-01,
1931,2.00e+00,-1.48e-01,
1932,2.00e+00,-1.48e-01,
1933,2.00e+00,-1.48e-01,
1934,2.00e+00,-1.48e-01,
1935,2.00e+00,-1.48e-01,
1936,2.00e+00,-1.48e-01,
1937,2.00e+00,-1.48e-01,
1938,2.00e+00,-1.48e-01,
1939,2.00e+00,-1.48e-01,
1940,2.00e+00,-1.48e-01,
1941,2.00e+00,-1.48e-01,
1942,2.00e+00,-1.48e-01,
1943,2.00e+00,-1.48e-01,
1944,2.08e+00,-1.48e-01,
1945,2.00e+00,-1.48e-01,
1946,2.00e+00,-1.48e-01,
1947,2.00e+00,-1.48e-01,
1948,2.00e+00,-1.48e-01,
1949,2.08e+00,-1.48e-01,
1950,2.00e+00,-1.48e-01,
1951,2.00e+00,-1.48e-01,
1952,2.00e+00,-1.48e-01,
1953,2.08e+00,-1.48e-01,
1954,2.08e+00,-1.48e-01,
1955,2.08e+00,-1.48e-01,
1956,2.00e+00,-1.48e-01,
1957,2.08e+00,-1.48e-01,
1958,2.08e+00,-1.48e-01,
1959,2.08e+00,-1.48e-01,
1960,2.00e+00,-1.48e-01,
1961,2.08e+00,-1.48e-01,
1962,2.08e+00,-1.48e-01,
1963,2.08e+00,-1.48e-01,
1964,2.08e+00,-1.48e-01,
1965,2.08e+00,-1.48e-01,
1966,2.08e+00,-1.48e-01,
1967,2.08e+00,-1.48e-01,
1968,2.08e+00,-1.48e-01,
1969,2.08e+00,-1.48e-01,
1970,2.08e+00,-1.48e-01,
1971,2.08e+00,-1.48e-01,
1972,2.08e+00,-1.48e-01,
1973,2.08e+00,-1.48e-01,
1974,2.08e+00,-1.48e-01,
1975,2.08e+00,-1.48e-01,
1976,2.08e+00,-1.48e-01,
1977,2.08e+00,-1.48e-01,
1978,2.08e+00,-1.48e-01,
1979,2.08e+00,-1.48e-01,
1980,2.08e+00,-1.48e-01,
1981,2.08e+00,-1.48e-01,
1982,2.08e+00,-1.48e-01,
1983,2.08e+00,-1.48e-01,
1984,2.08e+00,-1.48e-01,
1985,2.08e+00,-1.48e-01,
1986,2.08e+00,-1.48e-01,
1987,2.08e+00,-1.48e-01,
1988,2.08e+00,-1.48e-01,
1989,2.08e+00,-1.48e-01,
1990,2.08e+00,-1.48e-01,
1991,2.08e+00,-1.48e-01,
1992,2.08e+00,-1.48e-01,
1993,2.08e+00,-1.48e-01,
1994,2.08e+00,-1.48e-01,
1995,2.08e+00,-1.48e-01,
1996,2.08e+00,-1.48e-01,
1997,2.08e+00,-1.48e-01,
1998,2.08e+00,-1.48e-01,
1999,2.08e+00,-1.48e-01,
2000,2.08e+00,-1.48e-01,
2001,2.08e+00,-1.48e-01,
2002,2.08e+00,-1.48e-01,
2003,2.08e+00,-1.48e-01,
2004,2.08e+00,-1.48e-01,
2005,2.08e+00,-1.48e-01,
2006,2.08e+00,-1.48e-01,
2007,2.16e+00,-1.48e-01,
2008,2.16e+00,-1.48e-01,
2009,2.08e+00,-1.48e-01,
2010,2.16e+00,-1.48e-01,
2011,2.08e+00,-1.48e-01,
2012,2.16e+00,-1.48e-01,
2013,2.08e+00,-1.48e-01,
2014,2.08e+00,-1.48e-01,
2015,2.08e+00,-1.48e-01,
2016,2.08e+00,-1.48e-01,
2017,2.16e+00,-1.48e-01,
2018,2.16e+00,-1.48e-01,
2019,2.16e+00,-1.48e-01,
2020,2.16e+00,-1.48e-01,
2021,2.16e+00,-1.48e-01,
2022,2.16e+00,-1.48e-01,
2023,2.16e+00,-1.48e-01,
2024,2.16e+00,-1.48e-01,
2025,2.16e+00,-1.48e-01,
2026,2.16e+00,-1.48e-01,
2027,2.08e+00,-1.48e-01,
2028,2.16e+00,-1.48e-01,
2029,2.16e+00,-1.48e-01,
2030,2.16e+00,-1.48e-01,
2031,2.16e+00,-1.48e-01,
2032,2.16e+00,-1.48e-01,
2033,2.16e+00,-1.48e-01,
2034,2.16e+00,-1.48e-01,
2035,2.16e+00,-1.48e-01,
2036,2.16e+00,-1.48e-01,
2037,2.16e+00,-1.48e-01,
2038,2.16e+00,-1.48e-01,
2039,2.16e+00,-1.48e-01,
2040,2.16e+00,-1.48e-01,
2041,2.16e+00,-1.48e-01,
2042,2.16e+00,-1.48e-01,
2043,2.16e+00,-1.48e-01,
2044,2.16e+00,-1.48e-01,
2045,2.16e+00,-1.48e-01,
2046,2.16e+00,-1.48e-01,
2047,2.16e+00,-1.48e-01,
2048,2.16e+00,-1.48e-01,
2049,2.16e+00,-1.48e-01,
2050,2.16e+00,-1.48e-01,
2051,2.16e+00,-1.48e-01,
2052,2.16e+00,-1.48e-01,
2053,2.16e+00,-1.48e-01,
2054,2.16e+00,-1.48e-01,
2055,2.16e+00,-1.48e-01,
2056,2.16e+00,-1.48e-01,
2057,2.16e+00,-1.48e-01,
2058,2.16e+00,-1.48e-01,
2059,2.16e+00,-1.48e-01,
2060,2.16e+00,-1.48e-01,
2061,2.16e+00,-1.48e-01,
2062,2.16e+00,-1.48e-01,
2063,2.16e+00,-1.48e-01,
2064,2.24e+00,-1.48e-01,
2065,2.16e+00,-1.48e-01,
2066,2.16e+00,-1.48e-01,
2067,2.24e+00,-1.48e-01,
2068,2.24e+00,-1.48e-01,
2069,2.16e+00,-1.48e-01,
2070,2.24e+00,-1.48e-01,
2071,2.16e+00,-1.48e-01,
2072,2.24e+00,-1.48e-01,
2073,2.24e+00,-1.48e-01,
2074,2.24e+00,-1.48e-01,
2075,2.24e+00,-1.48e-01,
2076,2.24e+00,-1.48e-01,
2077,2.24e+00,-1.48e-01,
2078,2.24e+00,-1.48e-01,
2079,2.24e+00,-1.48e-01,
2080,2.24e+00,-1.48e-01,
2081,2.24e+00,-1.48e-01,
2082,2.24e+00,-1.48e-01,
2083,2.24e+00,-1.48e-01,
2084,2.24e+00,-1.48e-01,
2085,2.24e+00,-1.48e-01,
2086,2.24e+00,-1.48e-01,
2087,2.24e+00,-1.48e-01,
2088,2.24e+00,-1.48e-01,
2089,2.24e+00,-1.48e-01,
2090,2.24e+00,-1.48e-01,
2091,2.24e+00,-1.48e-01,
2092,2.24e+00,-1.48e-01,
2093,2.24e+00,-1.48e-01,
2094,2.24e+00,-1.48e-01,
2095,2.24e+00,-1.48e-01,
2096,2.24e+00,-1.48e-01,
2097,2.24e+00,-1.48e-01,
2098,2.24e+00,-1.48e-01,
2099,2.24e+00,-1.48e-01,
2100,2.24e+00,-1.48e-01,
2101,2.24e+00,-1.48e-01,
2102,2.24e+00,-1.48e-01,
2103,2.32e+00,-1.48e-01,
2104,2.24e+00,-1.48e-01,
2105,2.32e+00,-1.48e-01,
2106,2.24e+00,-1.48e-01,
2107,2.24e+00,-1.48e-01,
2108,2.32e+00,-1.48e-01,
2109,2.32e+00,-1.48e-01,
2110,2.24e+00,-1.48e-01,
2111,2.32e+00,-1.48e-01,
2112,2.32e+00,-1.48e-01,
2113,2.32e+00,-1.48e-01,
2114,2.32e+00,-1.48e-01,
2115,2.32e+00,-1.48e-01,
2116,2.32e+00,-1.48e-01,
2117,2.32e+00,-1.48e-01,
2118,2.32e+00,-1.48e-01,
2119,2.32e+00,-1.48e-01,
2120,2.32e+00,-1.48e-01,
2121,2.32e+00,-1.48e-01,
2122,2.32e+00,-1.48e-01,
2123,2.32e+00,-1.48e-01,
2124,2.32e+00,-1.48e-01,
2125,2.32e+00,-1.48e-01,
2126,2.32e+00,-1.48e-01,
2127,2.32e+00,-1.48e-01,
2128,2.32e+00,-1.48e-01,
2129,2.32e+00,-1.48e-01,
2130,2.32e+00,-1.48e-01,
2131,2.32e+00,-1.48e-01,
2132,2.32e+00,-1.48e-01,
2133,2.32e+00,-1.48e-01,
2134,2.32e+00,-1.48e-01,
2135,2.32e+00,-1.48e-01,
2136,2.32e+00,-1.48e-01,
2137,2.32e+00,-1.48e-01,
2138,2.32e+00,-1.48e-01,
2139,2.32e+00,-1.48e-01,
2140,2.32e+00,-1.48e-01,
2141,2.32e+00,-1.48e-01,
2142,2.32e+00,-1.48e-01,
2143,2.40e+00,-1.48e-01,
2144,2.40e+00,-1.48e-01,
2145,2.40e+00,-1.48e-01,
2146,2.40e+00,-1.48e-01,
2147,2.40e+00,-1.48e-01,
2148,2.40e+00,-1.48e-01,
2149,2.40e+00,-1.48e-01,
2150,2.40e+00,-1.48e-01,
2151,2.40e+00,-1.48e-01,
2152,2.40e+00,-1.48e-01,
2153,2.40e+00,-1.48e-01,
2154,2.40e+00,-1.48e-01,
2155,2.40e+00,-1.48e-01,
2156,2.40e+00,-1.48e-01,
2157,2.40e+00,-1.48e-01,
2158,2.40e+00,-1.48e-01,
2159,2.40e+00,-1.48e-01,
2160,2.40e+00,-1.48e-01,
2161,2.40e+00,-1.48e-01,
2162,2.40e+00,-1.48e-01,
2163,2.40e+00,-1.48e-01,
2164,2.40e+00,-1.48e-01,
2165,2.40e+00,-1.48e-01,
2166,2.40e+00,-1.48e-01,
2167,2.40e+00,-1.48e-01,
2168,2.40e+00,-1.48e-01,
2169,2.40e+00,-1.48e-01,
2170,2.40e+00,-1.48e-01,
2171,2.40e+00,-1.48e-01,
2172,2.40e+00,-1.48e-01,
2173,2.40e+00,-1.48e-01,
2174,2.40e+00,-1.48e-01,
2175,2.40e+00,-1.48e-01,
2176,2.48e+00,-1.48e-01,
2177,2.40e+00,-1.48e-01,
2178,2.48e+00,-1.48e-01,
2179,2.40e+00,-1.48e-01,
2180,2.48e+00,-1.48e-01,
2181,2.48e+00,-1.48e-01,
2182,2.48e+00,-1.48e-01,
2183,2.40e+00,-1.48e-01,
2184,2.48e+00,-1.48e-01,
2185,2.48e+00,-1.48e-01,
2186,2.48e+00,-1.48e-01,
2187,2.48e+00,-1.48e-01,
2188,2.48e+00,-1.48e-01,
2189,2.48e+00,-1.48e-01,
2190,2.48e+00,-1.48e-01,
2191,2.48e+00,-1.48e-01,
2192,2.48e+00,-1.48e-01,
2193,2.48e+00,-1.48e-01,
2194,2.48e+00,-1.48e-01,
2195,2.48e+00,-1.48e-01,
2196,2.48e+00,-1.48e-01,
2197,2.48e+00,-1.48e-01,
2198,2.48e+00,-1.48e-01,
2199,2.48e+00,-1.48e-01,
2200,2.48e+00,-1.48e-01,
2201,2.48e+00,-1.48e-01,
2202,2.48e+00,-1.48e-01,
2203,2.48e+00,-1.48e-01,
2204,2.48e+00,-1.48e-01,
2205,2.48e+00,-1.48e-01,
2206,2.48e+00,-1.48e-01,
2207,2.48e+00,-1.48e-01,
2208,2.48e+00,-1.48e-01,
2209,2.56e+00,-1.48e-01,
2210,2.48e+00,-1.48e-01,
2211,2.56e+00,-1.48e-01,
2212,2.56e+00,-1.48e-01,
2213,2.56e+00,-1.48e-01,
2214,2.56e+00,-1.48e-01,
2215,2.56e+00,-1.48e-01,
2216,2.56e+00,-1.48e-01,
2217,2.56e+00,-1.48e-01,
2218,2.56e+00,-1.48e-01,
2219,2.56e+00,-1.48e-01,
2220,2.56e+00,-1.48e-01,
2221,2.56e+00,-1.48e-01,
2222,2.56e+00,-1.48e-01,
2223,2.56e+00,-1.48e-01,
2224,2.56e+00,-1.48e-01,
2225,2.56e+00,-1.48e-01,
2226,2.56e+00,-1.48e-01,
2227,2.56e+00,-1.48e-01,
2228,2.56e+00,-1.48e-01,
2229,2.56e+00,-1.48e-01,
2230,2.56e+00,-1.48e-01,
2231,2.56e+00,-1.48e-01,
2232,2.64e+00,-1.48e-01,
2233,2.56e+00,-1.48e-01,
2234,2.64e+00,-1.48e-01,
2235,2.64e+00,-1.48e-01,
2236,2.64e+00,-1.48e-01,
2237,2.64e+00,-1.48e-01,
2238,2.64e+00,-1.48e-01,
2239,2.64e+00,-1.48e-01,
2240,2.64e+00,-1.48e-01,
2241,2.64e+00,-1.48e-01,
2242,2.64e+00,-1.48e-01,
2243,2.64e+00,-1.48e-01,
2244,2.64e+00,-1.48e-01,
2245,2.64e+00,-1.48e-01,
2246,2.64e+00,-1.48e-01,
2247,2.64e+00,-1.48e-01,
2248,2.64e+00,-1.48e-01,
2249,2.64e+00,-1.48e-01,
2250,2.64e+00,-1.48e-01,
2251,2.64e+00,-1.48e-01,
2252,2.64e+00,-1.48e-01,
2253,2.64e+00,-1.48e-01,
2254,2.64e+00,-1.48e-01,
2255,2.64e+00,-1.48e-01,
2256,2.64e+00,-1.48e-01,
2257,2.64e+00,-1.48e-01,
2258,2.64e+00,-1.48e-01,
2259,2.64e+00,-1.48e-01,
2260,2.72e+00,-1.48e-01,
2261,2.72e+00,-1.48e-01,
2262,2.64e+00,-1.48e-01,
2263,2.72e+00,-1.48e-01,
2264,2.72e+00,-1.48e-01,
2265,2.72e+00,-1.48e-01,
2266,2.72e+00,-1.48e-01,
2267,2.72e+00,-1.48e-01,
2268,2.72e+00,-1.48e-01,
2269,2.72e+00,-1.48e-01,
2270,2.72e+00,-1.48e-01,
2271,2.72e+00,-1.48e-01,
2272,2.72e+00,-1.48e-01,
2273,2.72e+00,-1.48e-01,
2274,2.72e+00,-1.48e-01,
2275,2.72e+00,-1.48e-01,
2276,2.72e+00,-1.48e-01,
2277,2.72e+00,-1.48e-01,
2278,2.72e+00,-1.48e-01,
2279,2.72e+00,-1.48e-01,
2280,2.72e+00,-1.48e-01,
2281,2.72e+00,-1.48e-01,
2282,2.80e+00,-1.48e-01,
2283,2.80e+00,-1.48e-01,
2284,2.80e+00,-1.48e-01,
2285,2.80e+00,-1.48e-01,
2286,2.80e+00,-1.48e-01,
2287,2.80e+00,-1.48e-01,
2288,2.80e+00,-1.48e-01,
2289,2.80e+00,-1.48e-01,
2290,2.80e+00,-1.48e-01,
2291,2.80e+00,-1.48e-01,
2292,2.80e+00,-1.48e-01,
2293,2.80e+00,-1.48e-01,
2294,2.80e+00,-1.48e-01,
2295,2.80e+00,-1.48e-01,
2296,2.80e+00,-1.48e-01,
2297,2.80e+00,-1.48e-01,
2298,2.80e+00,-1.48e-01,
2299,2.80e+00,-1.48e-01,
2300,2.80e+00,-1.48e-01,
2301,2.80e+00,-1.48e-01,
2302,2.80e+00,-1.48e-01,
2303,2.80e+00,-1.48e-01,
2304,2.88e+00,-1.48e-01,
2305,2.88e+00,-1.48e-01,
2306,2.88e+00,-1.48e-01,
2307,2.88e+00,-1.48e-01,
2308,2.88e+00,-1.48e-01,
2309,2.88e+00,-1.48e-01,
2310,2.88e+00,-1.48e-01,
2311,2.88e+00,-1.48e-01,
2312,2.88e+00,-1.48e-01,
2313,2.88e+00,-1.48e-01,
2314,2.88e+00,-1.48e-01,
2315,2.88e+00,-1.48e-01,
2316,2.88e+00,-1.48e-01,
2317,2.88e+00,-1.48e-01,
2318,2.88e+00,-1.48e-01,
2319,2.88e+00,-1.48e-01,
2320,2.88e+00,-1.48e-01,
2321,2.88e+00,-1.48e-01,
2322,2.88e+00,-1.48e-01,
2323,2.88e+00,-1.48e-01,
2324,2.96e+00,-1.48e-01,
2325,2.96e+00,-1.48e-01,
2326,2.96e+00,-1.48e-01,
2327,2.96e+00,-1.48e-01,
2328,2.96e+00,-1.40e-01,
2329,2.96e+00,-1.48e-01,
2330,2.96e+00,-1.48e-01,
2331,2.96e+00,-1.48e-01,
2332,2.96e+00,-1.48e-01,
2333,2.96e+00,-1.48e-01,
2334,2.96e+00,-1.48e-01,
2335,2.96e+00,-1.48e-01,
2336,2.96e+00,-1.48e-01,
2337,2.96e+00,-1.48e-01,
2338,2.96e+00,-1.40e-01,
2339,2.96e+00,-1.48e-01,
2340,2.96e+00,-1.48e-01,
2341,2.96e+00,-1.48e-01,
2342,2.96e+00,-1.40e-01,
2343,2.96e+00,-1.48e-01,
2344,2.96e+00,-1.48e-01,
2345,2.96e+00,-1.48e-01,
2346,2.96e+00,-1.48e-01,
2347,2.96e+00,-1.48e-01,
2348,2.96e+00,-1.48e-01,
2349,2.96e+00,-1.48e-01,
2350,3.12e+00,-1.48e-01,
2351,3.12e+00,-1.48e-01,
2352,3.12e+00,-1.48e-01,
2353,3.12e+00,-1.48e-01,
2354,3.12e+00,-1.48e-01,
2355,3.12e+00,-1.48e-01,
2356,3.12e+00,-1.48e-01,
2357,3.12e+00,-1.48e-01,
2358,3.12e+00,-1.48e-01,
2359,3.12e+00,-1.48e-01,
2360,3.12e+00,-1.48e-01,
2361,3.12e+00,-1.48e-01,
2362,3.12e+00,-1.48e-01,
2363,3.12e+00,-1.48e-01,
2364,3.12e+00,-1.48e-01,
2365,3.12e+00,-1.48e-01,
2366,3.20e+00,-1.48e-01,
2367,3.20e+00,-1.48e-01,
2368,3.20e+00,-1.48e-01,
2369,3.20e+00,-1.48e-01,
2370,3.20e+00,-1.48e-01,
2371,3.20e+00,-1.48e-01,
2372,3.20e+00,-1.48e-01,
2373,3.20e+00,-1.48e-01,
2374,3.20e+00,-1.48e-01,
2375,3.20e+00,-1.48e-01,
2376,3.20e+00,-1.48e-01,
2377,3.20e+00,-1.48e-01,
2378,3.20e+00,-1.48e-01,
2379,3.20e+00,-1.48e-01,
2380,3.20e+00,-1.48e-01,
2381,3.20e+00,-1.48e-01,
2382,3.20e+00,-1.48e-01,
2383,3.20e+00,-1.48e-01,
2384,3.20e+00,-1.48e-01,
2385,3.20e+00,-1.48e-01,
2386,3.28e+00,-1.48e-01,
2387,3.28e+00,-1.48e-01,
2388,3.28e+00,-1.48e-01,
2389,3.28e+00,-1.48e-01,
2390,3.28e+00,-1.48e-01,
2391,3.28e+00,-1.48e-01,
2392,3.28e+00,-1.48e-01,
2393,3.28e+00,-1.48e-01,
2394,3.28e+00,-1.48e-01,
2395,3.28e+00,-1.48e-01,
2396,3.28e+00,-1.48e-01,
2397,3.28e+00,-1.48e-01,
2398,3.36e+00,-1.48e-01,
2399,3.28e+00,-1.48e-01,
2400,3.36e+00,-1.48e-01,
2401,3.28e+00,-1.48e-01,
2402,3.36e+00,-1.48e-01,
2403,3.36e+00,-1.48e-01,
2404,3.36e+00,-1.48e-01,
2405,3.36e+00,-1.48e-01,
2406,3.36e+00,-1.48e-01,
2407,3.36e+00,-1.48e-01,
2408,3.36e+00,-1.48e-01,
2409,3.36e+00,-1.48e-01,
2410,3.36e+00,-1.48e-01,
2411,3.36e+00,-1.48e-01,
2412,3.36e+00,-1.48e-01,
2413,3.36e+00,-1.48e-01,
2414,3.36e+00,-1.48e-01,
2415,3.36e+00,-1.48e-01,
2416,3.36e+00,-1.48e-01,
2417,3.36e+00,-1.48e-01,
2418,3.36e+00,-1.48e-01,
2419,3.36e+00,-1.48e-01,
2420,3.36e+00,-1.48e-01,
2421,3.36e+00,-1.48e-01,
2422,3.44e+00,-1.48e-01,
2423,3.44e+00,-1.48e-01,
2424,3.44e+00,-1.48e-01,
2425,3.44e+00,-1.48e-01,
2426,3.44e+00,-1.48e-01,
2427,3.44e+00,-1.48e-01,
2428,3.44e+00,-1.48e-01,
2429,3.44e+00,-1.48e-01,
2430,3.44e+00,-1.48e-01,
2431,3.44e+00,-1.48e-01,
2432,3.44e+00,-1.48e-01,
2433,3.44e+00,-1.48e-01,
2434,3.52e+00,-1.48e-01,
2435,3.44e+00,-1.48e-01,
2436,3.44e+00,-1.48e-01,
2437,3.52e+00,-1.48e-01,
2438,3.44e+00,-1.48e-01,
2439,3.52e+00,-1.48e-01,
2440,3.52e+00,-1.48e-01,
2441,3.52e+00,-1.48e-01,
2442,3.52e+00,-1.48e-01,
2443,3.52e+00,-1.48e-01,
2444,3.52e+00,-1.48e-01,
2445,3.52e+00,-1.48e-01,
2446,3.52e+00,-1.48e-01,
2447,3.52e+00,-1.48e-01,
2448,3.52e+00,-1.48e-01,
2449,3.52e+00,-1.48e-01,
2450,3.52e+00,-1.48e-01,
2451,3.52e+00,-1.48e-01,
2452,3.52e+00,-1.48e-01,
2453,3.60e+00,-1.48e-01,
2454,3.60e+00,-1.48e-01,
2455,3.60e+00,-1.48e-01,
2456,3.60e+00,-1.48e-01,
2457,3.60e+00,-1.48e-01,
2458,3.60e+00,-1.48e-01,
2459,3.60e+00,-1.48e-01,
2460,3.60e+00,-1.48e-01,
2461,3.60e+00,-1.48e-01,
2462,3.60e+00,-1.48e-01,
2463,3.60e+00,-1.48e-01,
2464,3.60e+00,-1.48e-01,
2465,3.60e+00,-1.48e-01,
2466,3.68e+00,-1.48e-01,
2467,3.60e+00,-1.48e-01,
2468,3.68e+00,-1.48e-01,
2469,3.60e+00,-1.48e-01,
2470,3.60e+00,-1.48e-01,
2471,3.60e+00,-1.48e-01,
2472,3.68e+00,-1.48e-01,
2473,3.68e+00,-1.48e-01,
2474,3.68e+00,-1.48e-01,
2475,3.68e+00,-1.48e-01,
2476,3.68e+00,-1.48e-01,
2477,3.68e+00,-1.48e-01,
2478,3.68e+00,-1.48e-01,
2479,3.68e+00,-1.48e-01,
2480,3.68e+00,-1.48e-01,
2481,3.68e+00,-1.48e-01,
2482,3.68e+00,-1.48e-01,
2483,3.68e+00,-1.48e-01,
2484,3.68e+00,-1.48e-01,
2485,3.68e+00,-1.48e-01,
2486,3.68e+00,-1.48e-01,
2487,3.76e+00,-1.48e-01,
2488,3.76e+00,-1.48e-01,
2489,3.76e+00,-1.48e-01,
2490,3.76e+00,-1.48e-01,
2491,3.76e+00,-1.48e-01,
2492,3.76e+00,-1.48e-01,
2493,3.76e+00,-1.48e-01,
2494,3.76e+00,-1.48e-01,
2495,3.76e+00,-1.48e-01,
2496,3.76e+00,-1.48e-01,
2497,3.76e+00,-1.48e-01,
2498,3.76e+00,-1.48e-01,
2499,3.76e+00,-1.48e-01,
2500,3.76e+00,-1.48e-01,
2501,3.84e+00,-1.48e-01,
2502,3.76e+00,-1.48e-01,
2503,3.76e+00,-1.48e-01,
2504,3.84e+00,-1.48e-01,
2505,3.84e+00,-1.48e-01,
2506,3.84e+00,-1.48e-01,
2507,3.84e+00,-1.48e-01,
2508,3.84e+00,-1.48e-01,
2509,3.84e+00,-1.48e-01,
2510,3.84e+00,-1.48e-01,
2511,3.84e+00,-1.48e-01,
2512,3.84e+00,-1.48e-01,
2513,3.84e+00,-1.48e-01,
2514,3.92e+00,-1.48e-01,
2515,3.84e+00,-1.48e-01,
2516,3.84e+00,-1.48e-01,
2517,3.92e+00,-1.48e-01,
2518,3.92e+00,-1.48e-01,
2519,3.92e+00,-1.48e-01,
2520,3.92e+00,-1.48e-01,
2521,3.92e+00,-1.48e-01,
2522,3.92e+00,-1.48e-01,
2523,3.92e+00,-1.48e-01,
2524,3.92e+00,-1.56e-01,
2525,3.92e+00,-1.48e-01,
2526,3.92e+00,-1.48e-01,
2527,3.92e+00,-1.48e-01,
2528,3.92e+00,-1.48e-01,
2529,3.92e+00,-1.48e-01,
2530,3.92e+00,-1.48e-01,
2531,3.92e+00,-1.48e-01,
2532,3.92e+00,-1.48e-01,
2533,3.92e+00,-1.48e-01,
2534,4.00e+00,-1.48e-01,
2535,4.00e+00,-1.48e-01,
2536,4.00e+00,-1.48e-01,
2537,4.00e+00,-1.48e-01,
2538,4.00e+00,-1.48e-01,
2539,4.00e+00,-1.48e-01,
2540,4.00e+00,-1.56e-01,
2541,4.00e+00,-1.48e-01,
2542,4.00e+00,-1.48e-01,
2543,4.00e+00,-1.56e-01,
2544,4.00e+00,-1.56e-01,
2545,4.00e+00,-1.56e-01,
2546,4.00e+00,-1.56e-01,
2547,4.00e+00,-1.56e-01,
2548,4.00e+00,-1.56e-01,
2549,4.00e+00,-1.56e-01,
2550,4.00e+00,-1.56e-01,
2551,4.00e+00,-1.56e-01,
2552,4.08e+00,-1.56e-01,
2553,4.08e+00,-1.56e-01,
2554,4.08e+00,-1.56e-01,
2555,4.08e+00,-1.56e-01,
2556,4.08e+00,-1.56e-01,
2557,4.08e+00,-1.56e-01,
2558,4.08e+00,-1.56e-01,
2559,4.08e+00,-1.56e-01,
2560,4.08e+00,-1.56e-01,
2561,4.08e+00,-1.56e-01,
2562,4.08e+00,-1.56e-01,
2563,4.08e+00,-1.56e-01,
2564,4.08e+00,-1.56e-01,
2565,4.08e+00,-1.56e-01,
2566,4.08e+00,-1.56e-01,
2567,4.16e+00,-1.56e-01,
2568,4.16e+00,-1.56e-01,
2569,4.16e+00,-1.56e-01,
2570,4.16e+00,-1.56e-01,
2571,4.16e+00,-1.56e-01,
2572,4.16e+00,-1.56e-01,
2573,4.16e+00,-1.56e-01,
2574,4.16e+00,-1.56e-01,
2575,4.16e+00,-1.56e-01,
2576,4.16e+00,-1.56e-01,
2577,4.16e+00,-1.56e-01,
2578,4.16e+00,-1.56e-01,
2579,4.24e+00,-1.56e-01,
2580,4.16e+00,-1.56e-01,
2581,4.16e+00,-1.56e-01,
2582,4.16e+00,-1.56e-01,
2583,4.24e+00,-1.56e-01,
2584,4.24e+00,-1.56e-01,
2585,4.24e+00,-1.56e-01,
2586,4.24e+00,-1.56e-01,
2587,4.24e+00,-1.56e-01,
2588,4.24e+00,-1.56e-01,
2589,4.24e+00,-1.56e-01,
2590,4.24e+00,-1.56e-01,
2591,4.24e+00,-1.56e-01,
2592,4.24e+00,-1.56e-01,
2593,4.24e+00,-1.56e-01,
2594,4.24e+00,-1.56e-01,
2595,4.24e+00,-1.56e-01,
2596,4.24e+00,-1.56e-01,
2597,4.32e+00,-1.56e-01,
2598,4.24e+00,-1.56e-01,
2599,4.24e+00,-1.56e-01,
2600,4.24e+00,-1.56e-01,
2601,4.32e+00,-1.56e-01,
2602,4.32e+00,-1.56e-01,
2603,4.32e+00,-1.56e-01,
2604,4.32e+00,-1.56e-01,
2605,4.32e+00,-1.56e-01,
2606,4.32e+00,-1.56e-01,
2607,4.32e+00,-1.56e-01,
2608,4.32e+00,-1.56e-01,
2609,4.32e+00,-1.56e-01,
2610,4.32e+00,-1.56e-01,
2611,4.32e+00,-1.56e-01,
2612,4.32e+00,-1.56e-01,
2613,4.32e+00,-1.56e-01,
2614,4.40e+00,-1.56e-01,
2615,4.40e+00,-1.56e-01,
2616,4.40e+00,-1.56e-01,
2617,4.40e+00,-1.56e-01,
2618,4.40e+00,-1.56e-01,
2619,4.40e+00,-1.56e-01,
2620,4.40e+00,-1.56e-01,
2621,4.40e+00,-1.56e-01,
2622,4.40e+00,-1.56e-01,
2623,4.40e+00,-1.56e-01,
2624,4.40e+00,-1.56e-01,
2625,4.40e+00,-1.56e-01,
2626,4.40e+00,-1.56e-01,
2627,4.40e+00,-1.56e-01,
2628,4.40e+00,-1.56e-01,
2629,4.40e+00,-1.56e-01,
2630,4.48e+00,-1.56e-01,
2631,4.48e+00,-1.56e-01,
2632,4.48e+00,-1.56e-01,
2633,4.48e+00,-1.56e-01,
2634,4.48e+00,-1.56e-01,
2635,4.48e+00,-1.56e-01,
2636,4.48e+00,-1.56e-01,
2637,4.48e+00,-1.56e-01,
2638,4.48e+00,-1.56e-01,
2639,4.48e+00,-1.56e-01,
2640,4.48e+00,-1.56e-01,
2641,4.48e+00,-1.72e-01,
2642,4.48e+00,-1.56e-01,
2643,4.48e+00,-1.56e-01,
2644,4.48e+00,-1.56e-01,
2645,4.48e+00,-1.72e-01,
2646,4.56e+00,-1.56e-01,
2647,4.56e+00,-1.56e-01,
2648,4.56e+00,-1.72e-01,
2649,4.56e+00,-1.72e-01,
2650,4.56e+00,-1.72e-01,
2651,4.56e+00,-1.72e-01,
2652,4.56e+00,-1.72e-01,
2653,4.56e+00,-1.72e-01,
2654,4.56e+00,-1.72e-01,
2655,4.56e+00,-1.72e-01,
2656,4.56e+00,-1.72e-01,
2657,4.56e+00,-1.72e-01,
2658,4.56e+00,-1.72e-01,
2659,4.56e+00,-1.72e-01,
2660,4.64e+00,-1.72e-01,
2661,4.56e+00,-1.72e-01,
2662,4.64e+00,-1.72e-01,
2663,4.64e+00,-1.72e-01,
2664,4.64e+00,-1.72e-01,
2665,4.64e+00,-1.72e-01,
2666,4.64e+00,-1.72e-01,
2667,4.64e+00,-1.72e-01,
2668,4.64e+00,-1.72e-01,
2669,4.64e+00,-1.72e-01,
2670,4.64e+00,-1.72e-01,
2671,4.64e+00,-1.72e-01,
2672,4.64e+00,-1.72e-01,
2673,4.64e+00,-1.72e-01,
2674,4.64e+00,-1.72e-01,
2675,4.64e+00,-1.72e-01,
2676,4.80e+00,-1.72e-01,
2677,4.80e+00,-1.72e-01,
2678,4.80e+00,-1.72e-01,
2679,4.80e+00,-1.72e-01,
2680,4.80e+00,-1.72e-01,
2681,4.80e+00,-1.72e-01,
2682,4.80e+00,-1.72e-01,
2683,4.80e+00,-1.72e-01,
2684,4.80e+00,-1.72e-01,
2685,4.80e+00,-1.72e-01,
2686,4.80e+00,-1.72e-01,
2687,4.80e+00,-1.72e-01,
2688,4.80e+00,-1.72e-01,
2689,4.80e+00,-1.72e-01,
2690,4.80e+00,-1.72e-01,
2691,4.88e+00,-1.72e-01,
2692,4.88e+00,-1.72e-01,
2693,4.88e+00,-1.72e-01,
2694,4.88e+00,-1.72e-01,
2695,4.88e+00,-1.72e-01,
2696,4.88e+00,-1.72e-01,
2697,4.88e+00,-1.72e-01,
2698,4.88e+00,-1.72e-01,
2699,4.88e+00,-1.72e-01,
2700,4.88e+00,-1.72e-01,
2701,4.88e+00,-1.72e-01,
2702,4.88e+00,-1.72e-01,
2703,4.88e+00,-1.72e-01,
2704,4.88e+00,-1.72e-01,
2705,4.88e+00,-1.72e-01,
2706,4.96e+00,-1.72e-01,
2707,4.88e+00,-1.72e-01,
2708,4.96e+00,-1.72e-01,
2709,4.96e+00,-1.72e-01,
2710,4.96e+00,-1.72e-01,
2711,4.96e+00,-1.72e-01,
2712,4.96e+00,-1.72e-01,
2713,4.96e+00,-1.72e-01,
2714,4.96e+00,-1.72e-01,
2715,4.96e+00,-1.72e-01,
2716,4.96e+00,-1.72e-01,
2717,4.96e+00,-1.72e-01,
2718,4.96e+00,-1.72e-01,
2719,5.04e+00,-1.72e-01,
2720,4.96e+00,-1.72e-01,
2721,4.96e+00,-1.72e-01,
2722,4.96e+00,-1.72e-01,
2723,5.04e+00,-1.72e-01,
2724,5.04e+00,-1.72e-01,
2725,5.04e+00,-1.72e-01,
2726,5.04e+00,-1.72e-01,
2727,5.04e+00,-1.72e-01,
2728,5.04e+00,-1.72e-01,
2729,5.04e+00,-1.72e-01,
2730,5.04e+00,-1.72e-01,
2731,5.04e+00,-1.72e-01,
2732,5.04e+00,-1.72e-01,
2733,5.04e+00,-1.72e-01,
2734,5.04e+00,-1.72e-01,
2735,5.12e+00,-1.72e-01,
2736,5.12e+00,-1.72e-01,
2737,5.12e+00,-1.72e-01,
2738,5.12e+00,-1.72e-01,
2739,5.12e+00,-1.72e-01,
2740,5.12e+00,-1.72e-01,
2741,5.12e+00,-1.72e-01,
2742,5.12e+00,-1.72e-01,
2743,5.12e+00,-1.72e-01,
2744,5.12e+00,-1.72e-01,
2745,5.12e+00,-1.72e-01,
2746,5.12e+00,-1.72e-01,
2747,5.12e+00,-1.72e-01,
2748,5.12e+00,-1.72e-01,
2749,5.20e+00,-1.72e-01,
2750,5.20e+00,-1.72e-01,
2751,5.20e+00,-1.72e-01,
2752,5.20e+00,-1.72e-01,
2753,5.20e+00,-1.72e-01,
2754,5.20e+00,-1.72e-01,
2755,5.20e+00,-1.72e-01,
2756,5.20e+00,-1.72e-01,
2757,5.20e+00,-1.72e-01,
2758,5.20e+00,-1.72e-01,
2759,5.20e+00,-1.72e-01,
2760,5.20e+00,-1.72e-01,
2761,5.20e+00,-1.72e-01,
2762,5.20e+00,-1.72e-01,
2763,5.28e+00,-1.72e-01,
2764,5.28e+00,-1.72e-01,
2765,5.28e+00,-1.72e-01,
2766,5.28e+00,-1.72e-01,
2767,5.28e+00,-1.72e-01,
2768,5.28e+00,-1.72e-01,
2769,5.28e+00,-1.72e-01,
2770,5.28e+00,-1.72e-01,
2771,5.28e+00,-1.72e-01,
2772,5.28e+00,-1.72e-01,
2773,5.28e+00,-1.72e-01,
2774,5.36e+00,-1.72e-01,
2775,5.36e+00,-1.72e-01,
2776,5.36e+00,-1.72e-01,
2777,5.36e+00,-1.72e-01,
2778,5.36e+00,-1.72e-01,
2779,5.36e+00,-1.72e-01,
2780,5.36e+00,-1.72e-01,
2781,5.36e+00,-1.72e-01,
2782,5.36e+00,-1.72e-01,
2783,5.36e+00,-1.72e-01,
2784,5.36e+00,-1.72e-01,
2785,5.36e+00,-1.72e-01,
2786,5.36e+00,-1.72e-01,
2787,5.44e+00,-1.72e-01,
2788,5.44e+00,-1.72e-01,
2789,5.44e+00,-1.72e-01,
2790,5.44e+00,-1.72e-01,
2791,5.44e+00,-1.72e-01,
2792,5.44e+00,-1.72e-01,
2793,5.44e+00,-1.72e-01,
2794,5.44e+00,-1.72e-01,
2795,5.44e+00,-1.72e-01,
2796,5.44e+00,-1.72e-01,
2797,5.44e+00,-1.72e-01,
2798,5.44e+00,-1.72e-01,
2799,5.44e+00,-1.72e-01,
2800,5.52e+00,-1.72e-01,
2801,5.52e+00,-1.72e-01,
2802,5.52e+00,-1.72e-01,
2803,5.52e+00,-1.72e-01,
2804,5.52e+00,-1.72e-01,
2805,5.52e+00,-1.72e-01,
2806,5.52e+00,-1.72e-01,
2807,5.52e+00,-1.72e-01,
2808,5.52e+00,-1.72e-01,
2809,5.52e+00,-1.72e-01,
2810,5.60e+00,-1.72e-01,
2811,5.60e+00,-1.72e-01,
2812,5.60e+00,-1.72e-01,
2813,5.60e+00,-1.72e-01,
2814,5.60e+00,-1.72e-01,
2815,5.60e+00,-1.72e-01,
2816,5.60e+00,-1.72e-01,
2817,5.60e+00,-1.72e-01,
2818,5.60e+00,-1.72e-01,
2819,5.60e+00,-1.72e-01,
2820,5.60e+00,-1.72e-01,
2821,5.68e+00,-1.72e-01,
2822,5.68e+00,-1.72e-01,
2823,5.68e+00,-1.72e-01,
2824,5.68e+00,-1.72e-01,
2825,5.68e+00,-1.72e-01,
2826,5.68e+00,-1.72e-01,
2827,5.68e+00,-1.72e-01,
2828,5.68e+00,-1.72e-01,
2829,5.68e+00,-1.72e-01,
2830,5.68e+00,-1.72e-01,
2831,5.68e+00,-1.72e-01,
2832,5.68e+00,-1.72e-01,
2833,5.68e+00,-1.72e-01,
2834,5.76e+00,-1.72e-01,
2835,5.76e+00,-1.72e-01,
2836,5.76e+00,-1.72e-01,
2837,5.76e+00,-1.72e-01,
2838,5.76e+00,-1.72e-01,
2839,5.76e+00,-1.72e-01,
2840,5.76e+00,-1.72e-01,
2841,5.76e+00,-1.72e-01,
2842,5.76e+00,-1.72e-01,
2843,5.76e+00,-1.72e-01,
2844,5.76e+00,-1.72e-01,
2845,5.76e+00,-1.72e-01,
2846,5.84e+00,-1.72e-01,
2847,5.84e+00,-1.72e-01,
2848,5.84e+00,-1.72e-01,
2849,5.84e+00,-1.72e-01,
2850,5.84e+00,-1.72e-01,
2851,5.84e+00,-1.72e-01,
2852,5.84e+00,-1.72e-01,
2853,5.84e+00,-1.72e-01,
2854,5.84e+00,-1.72e-01,
2855,5.84e+00,-1.72e-01,
2856,5.92e+00,-1.72e-01,
2857,5.92e+00,-1.72e-01,
2858,5.92e+00,-1.72e-01,
2859,5.92e+00,-1.72e-01,
2860,5.92e+00,-1.72e-01,
2861,5.92e+00,-1.72e-01,
2862,5.92e+00,-1.72e-01,
2863,5.92e+00,-1.72e-01,
2864,5.92e+00,-1.72e-01,
2865,5.92e+00,-1.72e-01,
2866,5.92e+00,-1.72e-01,
2867,5.92e+00,-1.72e-01,
2868,6.00e+00,-1.72e-01,
2869,6.00e+00,-1.72e-01,
2870,6.00e+00,-1.72e-01,
2871,6.00e+00,-1.72e-01,
2872,6.00e+00,-1.72e-01,
2873,6.00e+00,-1.72e-01,
2874,6.00e+00,-1.72e-01,
2875,6.00e+00,-1.72e-01,
2876,6.00e+00,-1.72e-01,
2877,6.00e+00,-1.72e-01,
2878,6.00e+00,-1.72e-01,
2879,6.00e+00,-1.72e-01,
2880,6.00e+00,-1.72e-01,
2881,6.08e+00,-1.72e-01,
2882,6.08e+00,-1.72e-01,
2883,6.08e+00,-1.72e-01,
2884,6.08e+00,-1.72e-01,
2885,6.08e+00,-1.72e-01,
2886,6.08e+00,-1.72e-01,
2887,6.08e+00,-1.72e-01,
2888,6.08e+00,-1.72e-01,
2889,6.08e+00,-1.72e-01,
2890,6.08e+00,-1.72e-01,
2891,6.08e+00,-1.72e-01,
2892,6.16e+00,-1.72e-01,
2893,6.16e+00,-1.72e-01,
2894,6.16e+00,-1.72e-01,
2895,6.16e+00,-1.72e-01,
2896,6.16e+00,-1.72e-01,
2897,6.16e+00,-1.72e-01,
2898,6.16e+00,-1.72e-01,
2899,6.16e+00,-1.72e-01,
2900,6.16e+00,-1.72e-01,
2901,6.16e+00,-1.72e-01,
2902,6.24e+00,-1.72e-01,
2903,6.16e+00,-1.72e-01,
2904,6.24e+00,-1.72e-01,
2905,6.24e+00,-1.72e-01,
2906,6.24e+00,-1.72e-01,
2907,6.24e+00,-1.72e-01,
2908,6.24e+00,-1.72e-01,
2909,6.24e+00,-1.72e-01,
2910,6.24e+00,-1.72e-01,
2911,6.24e+00,-1.72e-01,
2912,6.24e+00,-1.72e-01,
2913,6.24e+00,-1.72e-01,
2914,6.24e+00,-1.72e-01,
2915,6.32e+00,-1.72e-01,
2916,6.32e+00,-1.72e-01,
2917,6.32e+00,-1.72e-01,
2918,6.32e+00,-1.72e-01,
2919,6.32e+00,-1.72e-01,
2920,6.32e+00,-1.72e-01,
2921,6.32e+00,-1.72e-01,
2922,6.32e+00,-1.72e-01,
2923,6.32e+00,-1.72e-01,
2924,6.48e+00,-1.72e-01,
2925,6.48e+00,-1.72e-01,
2926,6.48e+00,-1.72e-01,
2927,6.48e+00,-1.72e-01,
2928,6.48e+00,-1.72e-01,
2929,6.48e+00,-1.72e-01,
2930,6.48e+00,-1.72e-01,
2931,6.48e+00,-1.72e-01,
2932,6.48e+00,-1.72e-01,
2933,6.48e+00,-1.72e-01,
2934,6.48e+00,-1.72e-01,
2935,6.48e+00,-1.72e-01,
2936,6.48e+00,-1.72e-01,
2937,6.56e+00,-1.72e-01,
2938,6.56e+00,-1.72e-01,
2939,6.56e+00,-1.72e-01,
2940,6.56e+00,-1.72e-01,
2941,6.56e+00,-1.72e-01,
2942,6.56e+00,-1.72e-01,
2943,6.56e+00,-1.72e-01,
2944,6.56e+00,-1.72e-01,
2945,6.56e+00,-1.72e-01,
2946,6.56e+00,-1.72e-01,
2947,6.56e+00,-1.72e-01,
2948,6.64e+00,-1.72e-01,
2949,6.64e+00,-1.72e-01,
2950,6.64e+00,-1.72e-01,
2951,6.64e+00,-1.72e-01,
2952,6.64e+00,-1.72e-01,
2953,6.64e+00,-1.72e-01,
2954,6.64e+00,-1.72e-01,
2955,6.64e+00,-1.72e-01,
2956,6.64e+00,-1.72e-01,
2957,6.64e+00,-1.72e-01,
2958,6.64e+00,-1.72e-01,
2959,6.72e+00,-1.72e-01,
2960,6.72e+00,-1.72e-01,
2961,6.72e+00,-1.72e-01,
2962,6.72e+00,-1.72e-01,
2963,6.72e+00,-1.72e-01,
2964,6.72e+00,-1.72e-01,
2965,6.72e+00,-1.72e-01,
2966,6.72e+00,-1.72e-01,
2967,6.72e+00,-1.72e-01,
2968,6.72e+00,-1.72e-01,
2969,6.72e+00,-1.72e-01,
2970,6.72e+00,-1.72e-01,
2971,6.80e+00,-1.56e-01,
2972,6.80e+00,-1.72e-01,
2973,6.80e+00,-1.72e-01,
2974,6.80e+00,-1.56e-01,
2975,6.80e+00,-1.72e-01,
2976,6.80e+00,-1.56e-01,
2977,6.80e+00,-1.72e-01,
2978,6.80e+00,-1.56e-01,
2979,6.80e+00,-1.56e-01,
2980,6.88e+00,-1.72e-01,
2981,6.88e+00,-1.56e-01,
2982,6.88e+00,-1.56e-01,
2983,6.88e+00,-1.72e-01,
2984,6.88e+00,-1.56e-01,
2985,6.88e+00,-1.56e-01,
2986,6.88e+00,-1.56e-01,
2987,6.88e+00,-1.56e-01,
2988,6.88e+00,-1.56e-01,
2989,6.88e+00,-1.56e-01,
2990,6.88e+00,-1.56e-01,
2991,6.88e+00,-1.56e-01,
2992,6.88e+00,-1.56e-01,
2993,6.96e+00,-1.56e-01,
2994,6.96e+00,-1.56e-01,
2995,6.96e+00,-1.56e-01,
2996,6.96e+00,-1.56e-01,
2997,6.96e+00,-1.56e-01,
2998,6.96e+00,-1.56e-01,
2999,6.96e+00,-1.56e-01,
3000,6.96e+00,-1.56e-01,
3001,6.96e+00,-1.56e-01,
3002,7.04e+00,-1.56e-01,
3003,7.04e+00,-1.56e-01,
3004,7.04e+00,-1.56e-01,
3005,6.96e+00,-1.56e-01,
3006,7.04e+00,-1.56e-01,
3007,7.04e+00,-1.56e-01,
3008,7.04e+00,-1.56e-01,
3009,7.04e+00,-1.56e-01,
3010,7.04e+00,-1.56e-01,
3011,7.04e+00,-1.56e-01,
3012,7.04e+00,-1.56e-01,
3013,7.04e+00,-1.56e-01,
3014,7.04e+00,-1.56e-01,
3015,7.12e+00,-1.56e-01,
3016,7.12e+00,-1.56e-01,
3017,7.12e+00,-1.56e-01,
3018,7.12e+00,-1.56e-01,
3019,7.12e+00,-1.56e-01,
3020,7.12e+00,-1.56e-01,
3021,7.12e+00,-1.56e-01,
3022,7.12e+00,-1.56e-01,
3023,7.12e+00,-1.56e-01,
3024,7.20e+00,-1.56e-01,
3025,7.20e+00,-1.56e-01,
3026,7.20e+00,-1.56e-01,
3027,7.20e+00,-1.56e-01,
3028,7.20e+00,-1.56e-01,
3029,7.20e+00,-1.56e-01,
3030,7.20e+00,-1.56e-01,
3031,7.20e+00,-1.56e-01,
3032,7.20e+00,-1.56e-01,
3033,7.20e+00,-1.56e-01,
3034,7.20e+00,-1.56e-01,
3035,7.28e+00,-1.56e-01,
3036,7.28e+00,-1.56e-01,
3037,7.28e+00,-1.56e-01,
3038,7.28e+00,-1.56e-01,
3039,7.28e+00,-1.56e-01,
3040,7.28e+00,-1.56e-01,
3041,7.28e+00,-1.56e-01,
3042,7.28e+00,-1.56e-01,
3043,7.28e+00,-1.56e-01,
3044,7.28e+00,-1.56e-01,
3045,7.28e+00,-1.56e-01,
3046,7.36e+00,-1.56e-01,
3047,7.36e+00,-1.56e-01,
3048,7.36e+00,-1.56e-01,
3049,7.36e+00,-1.56e-01,
3050,7.36e+00,-1.56e-01,
3051,7.36e+00,-1.56e-01,
3052,7.36e+00,-1.56e-01,
3053,7.36e+00,-1.56e-01,
3054,7.36e+00,-1.56e-01,
3055,7.36e+00,-1.56e-01,
3056,7.44e+00,-1.56e-01,
3057,7.36e+00,-1.56e-01,
3058,7.44e+00,-1.56e-01,
3059,7.44e+00,-1.56e-01,
3060,7.44e+00,-1.56e-01,
3061,7.44e+00,-1.56e-01,
3062,7.44e+00,-1.56e-01,
3063,7.44e+00,-1.56e-01,
3064,7.44e+00,-1.56e-01,
3065,7.44e+00,-1.56e-01,
3066,7.44e+00,-1.56e-01,
3067,7.52e+00,-1.56e-01,
3068,7.44e+00,-1.56e-01,
3069,7.52e+00,-1.56e-01,
3070,7.52e+00,-1.56e-01,
3071,7.52e+00,-1.56e-01,
3072,7.52e+00,-1.56e-01,
3073,7.52e+00,-1.56e-01,
3074,7.52e+00,-1.56e-01,
3075,7.52e+00,-1.56e-01,
3076,7.52e+00,-1.56e-01,
3077,7.52e+00,-1.56e-01,
3078,7.52e+00,-1.56e-01,
3079,7.52e+00,-1.56e-01,
3080,7.60e+00,-1.56e-01,
3081,7.60e+00,-1.56e-01,
3082,7.60e+00,-1.56e-01,
3083,7.60e+00,-1.56e-01,
3084,7.60e+00,-1.56e-01,
3085,7.60e+00,-1.56e-01,
3086,7.60e+00,-1.56e-01,
3087,7.60e+00,-1.56e-01,
3088,7.60e+00,-1.56e-01,
3089,7.60e+00,-1.56e-01,
3090,7.60e+00,-1.48e-01,
3091,7.68e+00,-1.56e-01,
3092,7.60e+00,-1.56e-01,
3093,7.68e+00,-1.56e-01,
3094,7.68e+00,-1.56e-01,
3095,7.68e+00,-1.56e-01,
3096,7.68e+00,-1.56e-01,
3097,7.68e+00,-1.48e-01,
3098,7.68e+00,-1.56e-01,
3099,7.68e+00,-1.56e-01,
3100,7.68e+00,-1.56e-01,
3101,7.76e+00,-1.48e-01,
3102,7.76e+00,-1.56e-01,
3103,7.76e+00,-1.48e-01,
3104,7.76e+00,-1.48e-01,
3105,7.76e+00,-1.48e-01,
3106,7.76e+00,-1.56e-01,
3107,7.76e+00,-1.48e-01,
3108,7.76e+00,-1.48e-01,
3109,7.76e+00,-1.56e-01,
3110,7.76e+00,-1.56e-01,
3111,7.76e+00,-1.48e-01,
3112,7.76e+00,-1.48e-01,
3113,7.76e+00,-1.56e-01,
3114,7.76e+00,-1.56e-01,
3115,7.76e+00,-1.48e-01,
3116,7.76e+00,-1.48e-01,
3117,7.76e+00,-1.48e-01,
3118,7.84e+00,-1.48e-01,
3119,7.84e+00,-1.48e-01,
3120,7.84e+00,-1.48e-01,
3121,7.84e+00,-1.56e-01,
3122,7.84e+00,-1.48e-01,
3123,7.84e+00,-1.48e-01,
3124,7.84e+00,-1.48e-01,
3125,7.84e+00,-1.48e-01,
3126,7.84e+00,-1.48e-01,
3127,7.84e+00,-1.48e-01,
3128,7.92e+00,-1.48e-01,
3129,7.92e+00,-1.48e-01,
3130,7.92e+00,-1.48e-01,
3131,7.92e+00,-1.48e-01,
3132,7.92e+00,-1.48e-01,
3133,7.92e+00,-1.48e-01,
3134,7.92e+00,-1.48e-01,
3135,7.92e+00,-1.48e-01,
3136,7.92e+00,-1.48e-01,
3137,7.92e+00,-1.48e-01,
3138,8.00e+00,-1.48e-01,
3139,8.00e+00,-1.48e-01,
3140,7.92e+00,-1.48e-01,
3141,7.92e+00,-1.48e-01,
3142,8.00e+00,-1.48e-01,
3143,8.00e+00,-1.48e-01,
3144,8.00e+00,-1.48e-01,
3145,8.00e+00,-1.48e-01,
3146,8.00e+00,-1.48e-01,
3147,8.00e+00,-1.48e-01,
3148,8.00e+00,-1.48e-01,
3149,8.00e+00,-1.48e-01,
3150,8.00e+00,-1.48e-01,
3151,8.00e+00,-1.48e-01,
3152,8.00e+00,-1.48e-01,
3153,8.00e+00,-1.48e-01,
3154,8.00e+00,-1.48e-01,
3155,8.16e+00,-1.48e-01,
3156,8.16e+00,-1.56e-01,
3157,8.16e+00,-1.56e-01,
3158,8.16e+00,-1.48e-01,
3159,8.16e+00,-1.48e-01,
3160,8.16e+00,-1.56e-01,
3161,8.16e+00,-1.56e-01,
3162,8.16e+00,-1.48e-01,
3163,8.16e+00,-1.48e-01,
3164,8.24e+00,-1.56e-01,
3165,8.16e+00,-1.48e-01,
3166,8.16e+00,-1.56e-01,
3167,8.24e+00,-1.56e-01,
3168,8.24e+00,-1.56e-01,
3169,8.24e+00,-1.48e-01,
3170,8.24e+00,-1.56e-01,
3171,8.24e+00,-1.56e-01,
3172,8.24e+00,-1.56e-01,
3173,8.24e+00,-1.48e-01,
3174,8.24e+00,-1.56e-01,
3175,8.24e+00,-1.56e-01,
3176,8.24e+00,-1.56e-01,
3177,8.24e+00,-1.56e-01,
3178,8.24e+00,-1.56e-01,
3179,8.32e+00,-1.56e-01,
3180,8.32e+00,-1.48e-01,
3181,8.32e+00,-1.48e-01,
3182,8.32e+00,-1.56e-01,
3183,8.32e+00,-1.56e-01,
3184,8.32e+00,-1.56e-01,
3185,8.32e+00,-1.56e-01,
3186,8.32e+00,-1.56e-01,
3187,8.32e+00,-1.48e-01,
3188,8.32e+00,-1.56e-01,
3189,8.40e+00,-1.56e-01,
3190,8.40e+00,-1.56e-01,
3191,8.40e+00,-1.48e-01,
3192,8.40e+00,-1.56e-01,
3193,8.40e+00,-1.56e-01,
3194,8.40e+00,-1.56e-01,
3195,8.32e+00,-1.56e-01,
3196,8.40e+00,-1.56e-01,
3197,8.40e+00,-1.56e-01,
3198,8.40e+00,-1.48e-01,
3199,8.40e+00,-1.56e-01,
3200,8.40e+00,-1.56e-01,
3201,8.40e+00,-1.56e-01,
3202,8.40e+00,-1.56e-01,
3203,8.48e+00,-1.56e-01,
3204,8.48e+00,-1.56e-01,
3205,8.48e+00,-1.56e-01,
3206,8.48e+00,-1.48e-01,
3207,8.48e+00,-1.56e-01,
3208,8.48e+00,-1.56e-01,
3209,8.48e+00,-1.56e-01,
3210,8.48e+00,-1.56e-01,
3211,8.48e+00,-1.56e-01,
3212,8.48e+00,-1.56e-01,
3213,8.48e+00,-1.56e-01,
3214,8.48e+00,-1.56e-01,
3215,8.56e+00,-1.56e-01,
3216,8.48e+00,-1.48e-01,
3217,8.56e+00,-1.56e-01,
3218,8.56e+00,-1.56e-01,
3219,8.56e+00,-1.56e-01,
3220,8.56e+00,-1.56e-01,
3221,8.56e+00,-1.56e-01,
3222,8.56e+00,-1.56e-01,
3223,8.56e+00,-1.56e-01,
3224,8.56e+00,-1.56e-01,
3225,8.56e+00,-1.56e-01,
3226,8.56e+00,-1.56e-01,
3227,8.64e+00,-1.56e-01,
3228,8.56e+00,-1.56e-01,
3229,8.64e+00,-1.56e-01,
3230,8.64e+00,-1.56e-01,
3231,8.64e+00,-1.56e-01,
3232,8.64e+00,-1.56e-01,
3233,8.64e+00,-1.56e-01,
3234,8.64e+00,-1.56e-01,
3235,8.64e+00,-1.56e-01,
3236,8.64e+00,-1.56e-01,
3237,8.64e+00,-1.56e-01,
3238,8.64e+00,-1.56e-01,
3239,8.64e+00,-1.56e-01,
3240,8.64e+00,-1.56e-01,
3241,8.64e+00,-1.56e-01,
3242,8.72e+00,-1.56e-01,
3243,8.72e+00,-1.56e-01,
3244,8.72e+00,-1.56e-01,
3245,8.72e+00,-1.56e-01,
3246,8.72e+00,-1.56e-01,
3247,8.72e+00,-1.56e-01,
3248,8.72e+00,-1.56e-01,
3249,8.72e+00,-1.56e-01,
3250,8.72e+00,-1.56e-01,
3251,8.72e+00,-1.56e-01,
3252,8.72e+00,-1.56e-01,
3253,8.72e+00,-1.56e-01,
3254,8.72e+00,-1.56e-01,
3255,8.72e+00,-1.56e-01,
3256,8.80e+00,-1.56e-01,
3257,8.80e+00,-1.56e-01,
3258,8.80e+00,-1.56e-01,
3259,8.80e+00,-1.56e-01,
3260,8.80e+00,-1.56e-01,
3261,8.80e+00,-1.56e-01,
3262,8.80e+00,-1.56e-01,
3263,8.80e+00,-1.56e-01,
3264,8.80e+00,-1.56e-01,
3265,8.80e+00,-1.56e-01,
3266,8.80e+00,-1.56e-01,
3267,8.80e+00,-1.56e-01,
3268,8.80e+00,-1.56e-01,
3269,8.88e+00,-1.56e-01,
3270,8.88e+00,-1.56e-01,
3271,8.88e+00,-1.56e-01,
3272,8.88e+00,-1.56e-01,
3273,8.88e+00,-1.56e-01,
3274,8.88e+00,-1.56e-01,
3275,8.88e+00,-1.56e-01,
3276,8.88e+00,-1.56e-01,
3277,8.88e+00,-1.56e-01,
3278,8.88e+00,-1.56e-01,
3279,8.88e+00,-1.56e-01,
3280,8.88e+00,-1.56e-01,
3281,8.96e+00,-1.56e-01,
3282,8.88e+00,-1.56e-01,
3283,8.96e+00,-1.56e-01,
3284,8.96e+00,-1.56e-01,
3285,8.96e+00,-1.56e-01,
3286,8.96e+00,-1.56e-01,
3287,8.96e+00,-1.56e-01,
3288,8.96e+00,-1.56e-01,
3289,8.96e+00,-1.56e-01,
3290,8.96e+00,-1.56e-01,
3291,8.96e+00,-1.56e-01,
3292,8.96e+00,-1.56e-01,
3293,8.96e+00,-1.56e-01,
3294,9.04e+00,-1.56e-01,
3295,9.04e+00,-1.56e-01,
3296,9.04e+00,-1.56e-01,
3297,9.04e+00,-1.56e-01,
3298,9.04e+00,-1.56e-01,
3299,9.04e+00,-1.56e-01,
3300,9.04e+00,-1.56e-01,
3301,9.04e+00,-1.56e-01,
3302,9.04e+00,-1.56e-01,
3303,9.04e+00,-1.56e-01,
3304,9.04e+00,-1.56e-01,
3305,9.04e+00,-1.56e-01,
3306,9.04e+00,-1.56e-01,
3307,9.04e+00,-1.56e-01,
3308,9.12e+00,-1.56e-01,
3309,9.12e+00,-1.56e-01,
3310,9.12e+00,-1.56e-01,
3311,9.12e+00,-1.56e-01,
3312,9.12e+00,-1.56e-01,
3313,9.12e+00,-1.56e-01,
3314,9.12e+00,-1.56e-01,
3315,9.12e+00,-1.56e-01,
3316,9.12e+00,-1.56e-01,
3317,9.12e+00,-1.56e-01,
3318,9.12e+00,-1.56e-01,
3319,9.12e+00,-1.56e-01,
3320,9.12e+00,-1.56e-01,
3321,9.20e+00,-1.56e-01,
3322,9.12e+00,-1.56e-01,
3323,9.20e+00,-1.56e-01,
3324,9.20e+00,-1.56e-01,
3325,9.20e+00,-1.56e-01,
3326,9.20e+00,-1.56e-01,
3327,9.20e+00,-1.56e-01,
3328,9.20e+00,-1.56e-01,
3329,9.20e+00,-1.56e-01,
3330,9.20e+00,-1.56e-01,
3331,9.20e+00,-1.56e-01,
3332,9.20e+00,-1.56e-01,
3333,9.20e+00,-1.56e-01,
3334,9.20e+00,-1.56e-01,
3335,9.20e+00,-1.56e-01,
3336,9.28e+00,-1.56e-01,
3337,9.28e+00,-1.72e-01,
3338,9.28e+00,-1.56e-01,
3339,9.28e+00,-1.56e-01,
3340,9.28e+00,-1.56e-01,
3341,9.28e+00,-1.56e-01,
3342,9.28e+00,-1.56e-01,
3343,9.28e+00,-1.56e-01,
3344,9.28e+00,-1.56e-01,
3345,9.28e+00,-1.72e-01,
3346,9.28e+00,-1.56e-01,
3347,9.28e+00,-1.56e-01,
3348,9.28e+00,-1.56e-01,
3349,9.36e+00,-1.56e-01,
3350,9.36e+00,-1.56e-01,
3351,9.28e+00,-1.56e-01,
3352,9.36e+00,-1.56e-01,
3353,9.36e+00,-1.56e-01,
3354,9.36e+00,-1.56e-01,
3355,9.36e+00,-1.72e-01,
3356,9.36e+00,-1.72e-01,
3357,9.36e+00,-1.72e-01,
3358,9.36e+00,-1.72e-01,
3359,9.36e+00,-1.72e-01,
3360,9.36e+00,-1.72e-01,
3361,9.36e+00,-1.72e-01,
3362,9.36e+00,-1.72e-01,
3363,9.36e+00,-1.72e-01,
3364,9.36e+00,-1.72e-01,
3365,9.44e+00,-1.72e-01,
3366,9.44e+00,-1.72e-01,
3367,9.44e+00,-1.72e-01,
3368,9.44e+00,-1.72e-01,
3369,9.44e+00,-1.72e-01,
3370,9.44e+00,-1.72e-01,
3371,9.44e+00,-1.72e-01,
3372,9.44e+00,-1.72e-01,
3373,9.44e+00,-1.72e-01,
3374,9.52e+00,-1.72e-01,
3375,9.52e+00,-1.72e-01,
3376,9.44e+00,-1.72e-01,
3377,9.52e+00,-1.72e-01,
3378,9.52e+00,-1.72e-01,
3379,9.52e+00,-1.72e-01,
3380,9.52e+00,-1.72e-01,
3381,9.52e+00,-1.72e-01,
3382,9.52e+00,-1.72e-01,
3383,9.52e+00,-1.72e-01,
3384,9.52e+00,-1.72e-01,
3385,9.52e+00,-1.72e-01,
3386,9.52e+00,-1.72e-01,
3387,9.52e+00,-1.72e-01,
3388,9.60e+00,-1.72e-01,
3389,9.60e+00,-1.72e-01,
3390,9.60e+00,-1.72e-01,
3391,9.60e+00,-1.72e-01,
3392,9.60e+00,-1.72e-01,
3393,9.60e+00,-1.72e-01,
3394,9.60e+00,-1.72e-01,
3395,9.60e+00,-1.72e-01,
3396,9.60e+00,-1.72e-01,
3397,9.60e+00,-1.72e-01,
3398,9.60e+00,-1.72e-01,
3399,9.60e+00,-1.72e-01,
3400,9.60e+00,-1.72e-01,
3401,9.60e+00,-1.72e-01,
3402,9.68e+00,-1.72e-01,
3403,9.68e+00,-1.72e-01,
3404,9.68e+00,-1.72e-01,
3405,9.68e+00,-1.72e-01,
3406,9.68e+00,-1.72e-01,
3407,9.68e+00,-1.72e-01,
3408,9.68e+00,-1.72e-01,
3409,9.68e+00,-1.72e-01,
3410,9.68e+00,-1.72e-01,
3411,9.68e+00,-1.72e-01,
3412,9.68e+00,-1.72e-01,
3413,9.68e+00,-1.72e-01,
3414,9.84e+00,-1.72e-01,
3415,9.84e+00,-1.72e-01,
3416,9.68e+00,-1.72e-01,
3417,9.84e+00,-1.72e-01,
3418,9.84e+00,-1.72e-01,
3419,9.84e+00,-1.72e-01,
3420,9.84e+00,-1.72e-01,
3421,9.84e+00,-1.72e-01,
3422,9.84e+00,-1.72e-01,
3423,9.84e+00,-1.72e-01,
3424,9.84e+00,-1.72e-01,
3425,9.84e+00,-1.72e-01,
3426,9.84e+00,-1.72e-01,
3427,9.84e+00,-1.72e-01,
3428,9.84e+00,-1.72e-01,
3429,9.84e+00,-1.72e-01,
3430,9.92e+00,-1.72e-01,
3431,9.92e+00,-1.72e-01,
3432,9.92e+00,-1.72e-01,
3433,9.92e+00,-1.72e-01,
3434,9.92e+00,-1.72e-01,
3435,9.92e+00,-1.72e-01,
3436,9.92e+00,-1.72e-01,
3437,9.92e+00,-1.72e-01,
3438,9.92e+00,-1.72e-01,
3439,9.92e+00,-1.72e-01,
3440,9.92e+00,-1.72e-01,
3441,9.92e+00,-1.72e-01,
3442,1.00e+01,-1.72e-01,
3443,1.00e+01,-1.72e-01,
3444,1.00e+01,-1.72e-01,
3445,1.00e+01,-1.72e-01,
3446,1.00e+01,-1.72e-01,
3447,1.00e+01,-1.72e-01,
3448,1.00e+01,-1.72e-01,
3449,1.00e+01,-1.72e-01,
3450,1.00e+01,-1.72e-01,
3451,1.01e+01,-1.72e-01,
3452,1.01e+01,-1.72e-01,
3453,1.00e+01,-1.72e-01,
3454,1.00e+01,-1.72e-01,
3455,1.01e+01,-1.72e-01,
3456,1.01e+01,-1.72e-01,
3457,1.01e+01,-1.72e-01,
3458,1.01e+01,-1.72e-01,
3459,1.01e+01,-1.72e-01,
3460,1.01e+01,-1.72e-01,
3461,1.01e+01,-1.72e-01,
3462,1.01e+01,-1.72e-01,
3463,1.01e+01,-1.72e-01,
3464,1.01e+01,-1.72e-01,
3465,1.01e+01,-1.72e-01,
3466,1.02e+01,-1.72e-01,
3467,1.02e+01,-1.72e-01,
3468,1.02e+01,-1.72e-01,
3469,1.02e+01,-1.72e-01,
3470,1.01e+01,-1.72e-01,
3471,1.02e+01,-1.72e-01,
3472,1.02e+01,-1.72e-01,
3473,1.02e+01,-1.72e-01,
3474,1.02e+01,-1.72e-01,
3475,1.02e+01,-1.72e-01,
3476,1.02e+01,-1.72e-01,
3477,1.02e+01,-1.72e-01,
3478,1.02e+01,-1.72e-01,
3479,1.02e+01,-1.72e-01,
3480,1.02e+01,-1.72e-01,
3481,1.02e+01,-1.72e-01,
3482,1.02e+01,-1.72e-01,
3483,1.02e+01,-1.72e-01,
3484,1.02e+01,-1.72e-01,
3485,1.02e+01,-1.72e-01,
3486,1.02e+01,-1.72e-01,
3487,1.02e+01,-1.72e-01,
3488,1.02e+01,-1.72e-01,
3489,1.02e+01,-1.72e-01,
3490,1.02e+01,-1.72e-01,
3491,1.02e+01,-1.72e-01,
3492,1.03e+01,-1.72e-01,
3493,1.02e+01,-1.72e-01,
3494,1.03e+01,-1.72e-01,
3495,1.03e+01,-1.72e-01,
3496,1.03e+01,-1.72e-01,
3497,1.03e+01,-1.72e-01,
3498,1.03e+01,-1.72e-01,
3499,1.03e+01,-1.72e-01,
3500,1.03e+01,-1.72e-01,
3501,1.03e+01,-1.72e-01,
3502,1.03e+01,-1.72e-01,
3503,1.03e+01,-1.72e-01,
3504,1.03e+01,-1.72e-01,
3505,1.03e+01,-1.72e-01,
3506,1.04e+01,-1.72e-01,
3507,1.04e+01,-1.72e-01,
3508,1.04e+01,-1.72e-01,
3509,1.04e+01,-1.72e-01,
3510,1.04e+01,-1.72e-01,
3511,1.04e+01,-1.72e-01,
3512,1.04e+01,-1.72e-01,
3513,1.04e+01,-1.72e-01,
3514,1.04e+01,-1.72e-01,
3515,1.04e+01,-1.72e-01,
3516,1.04e+01,-1.72e-01,
3517,1.05e+01,-1.72e-01,
3518,1.05e+01,-1.72e-01,
3519,1.05e+01,-1.72e-01,
3520,1.05e+01,-1.72e-01,
3521,1.05e+01,-1.72e-01,
3522,1.05e+01,-1.72e-01,
3523,1.05e+01,-1.72e-01,
3524,1.05e+01,-1.72e-01,
3525,1.05e+01,-1.72e-01,
3526,1.05e+01,-1.72e-01,
3527,1.05e+01,-1.72e-01,
3528,1.06e+01,-1.72e-01,
3529,1.06e+01,-1.72e-01,
3530,1.06e+01,-1.72e-01,
3531,1.06e+01,-1.72e-01,
3532,1.06e+01,-1.72e-01,
3533,1.06e+01,-1.72e-01,
3534,1.06e+01,-1.72e-01,
3535,1.06e+01,-1.72e-01,
3536,1.06e+01,-1.72e-01,
3537,1.06e+01,-1.72e-01,
3538,1.06e+01,-1.72e-01,
3539,1.06e+01,-1.72e-01,
3540,1.06e+01,-1.72e-01,
3541,1.06e+01,-1.72e-01,
3542,1.06e+01,-1.72e-01,
3543,1.06e+01,-1.72e-01,
3544,1.06e+01,-1.72e-01,
3545,1.06e+01,-1.72e-01,
3546,1.06e+01,-1.72e-01,
3547,1.06e+01,-1.72e-01,
3548,1.06e+01,-1.72e-01,
3549,1.06e+01,-1.72e-01,
3550,1.06e+01,-1.72e-01,
3551,1.06e+01,-1.72e-01,
3552,1.06e+01,-1.72e-01,
3553,1.07e+01,-1.72e-01,
3554,1.07e+01,-1.72e-01,
3555,1.07e+01,-1.72e-01,
3556,1.07e+01,-1.72e-01,
3557,1.07e+01,-1.72e-01,
3558,1.07e+01,-1.72e-01,
3559,1.07e+01,-1.72e-01,
3560,1.07e+01,-1.72e-01,
3561,1.07e+01,-1.72e-01,
3562,1.07e+01,-1.72e-01,
3563,1.07e+01,-1.72e-01,
3564,1.07e+01,-1.72e-01,
3565,1.08e+01,-1.72e-01,
3566,1.08e+01,-1.72e-01,
3567,1.08e+01,-1.72e-01,
3568,1.08e+01,-1.72e-01,
3569,1.08e+01,-1.72e-01,
3570,1.08e+01,-1.72e-01,
3571,1.08e+01,-1.72e-01,
3572,1.08e+01,-1.72e-01,
3573,1.08e+01,-1.72e-01,
3574,1.08e+01,-1.72e-01,
3575,1.08e+01,-1.72e-01,
3576,1.09e+01,-1.72e-01,
3577,1.09e+01,-1.72e-01,
3578,1.09e+01,-1.72e-01,
3579,1.09e+01,-1.72e-01,
3580,1.09e+01,-1.72e-01,
3581,1.09e+01,-1.72e-01,
3582,1.09e+01,-1.72e-01,
3583,1.09e+01,-1.72e-01,
3584,1.09e+01,-1.72e-01,
3585,1.09e+01,-1.72e-01,
3586,1.09e+01,-1.72e-01,
3587,1.09e+01,-1.72e-01,
3588,1.10e+01,-1.72e-01,
3589,1.09e+01,-1.72e-01,
3590,1.10e+01,-1.72e-01,
3591,1.10e+01,-1.72e-01,
3592,1.10e+01,-1.72e-01,
3593,1.10e+01,-1.72e-01,
3594,1.10e+01,-1.72e-01,
3595,1.10e+01,-1.72e-01,
3596,1.10e+01,-1.72e-01,
3597,1.10e+01,-1.72e-01,
3598,1.10e+01,-1.72e-01,
3599,1.10e+01,-1.72e-01,
3600,1.10e+01,-1.72e-01,
3601,1.10e+01,-1.72e-01,
3602,1.10e+01,-1.72e-01,
3603,1.10e+01,-1.72e-01,
3604,1.10e+01,-1.72e-01,
3605,1.10e+01,-1.72e-01,
3606,1.10e+01,-1.72e-01,
3607,1.10e+01,-1.72e-01,
3608,1.10e+01,-1.72e-01,
3609,1.10e+01,-1.72e-01,
3610,1.10e+01,-1.72e-01,
3611,1.10e+01,-1.72e-01,
3612,1.10e+01,-1.72e-01,
3613,1.10e+01,-1.72e-01,
3614,1.11e+01,-1.72e-01,
3615,1.11e+01,-1.72e-01,
3616,1.11e+01,-1.72e-01,
3617,1.11e+01,-1.72e-01,
3618,1.11e+01,-1.72e-01,
3619,1.11e+01,-1.72e-01,
3620,1.11e+01,-1.72e-01,
3621,1.11e+01,-1.72e-01,
3622,1.11e+01,-1.72e-01,
3623,1.11e+01,-1.72e-01,
3624,1.11e+01,-1.72e-01,
3625,1.12e+01,-1.72e-01,
3626,1.12e+01,-1.72e-01,
3627,1.11e+01,-1.72e-01,
3628,1.12e+01,-1.72e-01,
3629,1.12e+01,-1.72e-01,
3630,1.12e+01,-1.72e-01,
3631,1.12e+01,-1.56e-01,
3632,1.12e+01,-1.72e-01,
3633,1.12e+01,-1.72e-01,
3634,1.12e+01,-1.72e-01,
3635,1.12e+01,-1.72e-01,
3636,1.12e+01,-1.56e-01,
3637,1.12e+01,-1.72e-01,
3638,1.12e+01,-1.72e-01,
3639,1.12e+01,-1.56e-01,
3640,1.13e+01,-1.72e-01,
3641,1.13e+01,-1.72e-01,
3642,1.13e+01,-1.56e-01,
3643,1.13e+01,-1.56e-01,
3644,1.13e+01,-1.72e-01,
3645,1.13e+01,-1.72e-01,
3646,1.13e+01,-1.56e-01,
3647,1.13e+01,-1.72e-01,
3648,1.13e+01,-1.72e-01,
3649,1.13e+01,-1.56e-01,
3650,1.13e+01,-1.56e-01,
3651,1.13e+01,-1.72e-01,
3652,1.13e+01,-1.72e-01,
3653,1.14e+01,-1.56e-01,
3654,1.14e+01,-1.56e-01,
3655,1.14e+01,-1.72e-01,
3656,1.14e+01,-1.56e-01,
3657,1.14e+01,-1.56e-01,
3658,1.14e+01,-1.56e-01,
3659,1.14e+01,-1.72e-01,
3660,1.14e+01,-1.56e-01,
3661,1.14e+01,-1.56e-01,
3662,1.14e+01,-1.56e-01,
3663,1.14e+01,-1.56e-01,
3664,1.15e+01,-1.56e-01,
3665,1.15e+01,-1.56e-01,
3666,1.15e+01,-1.56e-01,
3667,1.15e+01,-1.56e-01,
3668,1.15e+01,-1.56e-01,
3669,1.15e+01,-1.56e-01,
3670,1.15e+01,-1.56e-01,
3671,1.15e+01,-1.56e-01,
3672,1.15e+01,-1.56e-01,
3673,1.15e+01,-1.56e-01,
3674,1.15e+01,-1.56e-01,
3675,1.15e+01,-1.56e-01,
3676,1.15e+01,-1.56e-01,
3677,1.15e+01,-1.56e-01,
3678,1.16e+01,-1.56e-01,
3679,1.16e+01,-1.56e-01,
3680,1.16e+01,-1.56e-01,
3681,1.16e+01,-1.56e-01,
3682,1.16e+01,-1.56e-01,
3683,1.16e+01,-1.56e-01,
3684,1.16e+01,-1.56e-01,
3685,1.16e+01,-1.56e-01,
3686,1.16e+01,-1.56e-01,
3687,1.16e+01,-1.56e-01,
3688,1.16e+01,-1.56e-01,
3689,1.17e+01,-1.56e-01,
3690,1.17e+01,-1.56e-01,
3691,1.17e+01,-1.56e-01,
3692,1.17e+01,-1.56e-01,
3693,1.17e+01,-1.56e-01,
3694,1.17e+01,-1.56e-01,
3695,1.17e+01,-1.56e-01,
3696,1.17e+01,-1.56e-01,
3697,1.17e+01,-1.56e-01,
3698,1.17e+01,-1.56e-01,
3699,1.17e+01,-1.56e-01,
3700,1.17e+01,-1.56e-01,
3701,1.17e+01,-1.56e-01,
3702,1.17e+01,-1.56e-01,
3703,1.17e+01,-1.56e-01,
3704,1.18e+01,-1.56e-01,
3705,1.17e+01,-1.56e-01,
3706,1.18e+01,-1.56e-01,
3707,1.18e+01,-1.56e-01,
3708,1.18e+01,-1.56e-01,
3709,1.18e+01,-1.56e-01,
3710,1.18e+01,-1.56e-01,
3711,1.18e+01,-1.56e-01,
3712,1.18e+01,-1.56e-01,
3713,1.18e+01,-1.56e-01,
3714,1.18e+01,-1.56e-01,
3715,1.18e+01,-1.56e-01,
3716,1.18e+01,-1.56e-01,
3717,1.18e+01,-1.56e-01,
3718,1.18e+01,-1.56e-01,
3719,1.18e+01,-1.56e-01,
3720,1.18e+01,-1.56e-01,
3721,1.18e+01,-1.56e-01,
3722,1.18e+01,-1.56e-01,
3723,1.18e+01,-1.56e-01,
3724,1.18e+01,-1.56e-01,
3725,1.18e+01,-1.56e-01,
3726,1.18e+01,-1.56e-01,
3727,1.18e+01,-1.56e-01,
3728,1.18e+01,-1.56e-01,
3729,1.19e+01,-1.56e-01,
3730,1.18e+01,-1.56e-01,
3731,1.19e+01,-1.56e-01,
3732,1.19e+01,-1.56e-01,
3733,1.19e+01,-1.56e-01,
3734,1.19e+01,-1.56e-01,
3735,1.19e+01,-1.56e-01,
3736,1.19e+01,-1.56e-01,
3737,1.19e+01,-1.56e-01,
3738,1.19e+01,-1.56e-01,
3739,1.19e+01,-1.56e-01,
3740,1.19e+01,-1.56e-01,
3741,1.19e+01,-1.56e-01,
3742,1.19e+01,-1.56e-01,
3743,1.19e+01,-1.56e-01,
3744,1.20e+01,-1.56e-01,
3745,1.20e+01,-1.56e-01,
3746,1.19e+01,-1.56e-01,
3747,1.20e+01,-1.56e-01,
3748,1.20e+01,-1.56e-01,
3749,1.20e+01,-1.56e-01,
3750,1.20e+01,-1.56e-01,
3751,1.20e+01,-1.56e-01,
3752,1.20e+01,-1.56e-01,
3753,1.20e+01,-1.56e-01,
3754,1.20e+01,-1.56e-01,
3755,1.20e+01,-1.56e-01,
3756,1.20e+01,-1.56e-01,
3757,1.20e+01,-1.56e-01,
3758,1.20e+01,-1.56e-01,
3759,1.20e+01,-1.56e-01,
3760,1.20e+01,-1.56e-01,
3761,1.21e+01,-1.56e-01,
3762,1.20e+01,-1.56e-01,
3763,1.21e+01,-1.56e-01,
3764,1.21e+01,-1.56e-01,
3765,1.21e+01,-1.56e-01,
3766,1.21e+01,-1.56e-01,
3767,1.21e+01,-1.56e-01,
3768,1.21e+01,-1.56e-01,
3769,1.21e+01,-1.56e-01,
3770,1.21e+01,-1.56e-01,
3771,1.21e+01,-1.56e-01,
3772,1.21e+01,-1.48e-01,
3773,1.21e+01,-1.56e-01,
3774,1.22e+01,-1.56e-01,
3775,1.21e+01,-1.56e-01,
3776,1.22e+01,-1.56e-01,
3777,1.22e+01,-1.56e-01,
3778,1.22e+01,-1.56e-01,
3779,1.22e+01,-1.56e-01,
3780,1.22e+01,-1.56e-01,
3781,1.22e+01,-1.56e-01,
3782,1.22e+01,-1.56e-01,
3783,1.22e+01,-1.48e-01,
3784,1.22e+01,-1.56e-01,
3785,1.22e+01,-1.56e-01,
3786,1.22e+01,-1.56e-01,
3787,1.22e+01,-1.48e-01,
3788,1.22e+01,-1.56e-01,
3789,1.22e+01,-1.56e-01,
3790,1.22e+01,-1.48e-01,
3791,1.22e+01,-1.48e-01,
3792,1.22e+01,-1.48e-01,
3793,1.22e+01,-1.48e-01,
3794,1.22e+01,-1.48e-01,
3795,1.22e+01,-1.48e-01,
3796,1.22e+01,-1.48e-01,
3797,1.22e+01,-1.56e-01,
3798,1.22e+01,-1.48e-01,
3799,1.22e+01,-1.56e-01,
3800,1.22e+01,-1.48e-01,
3801,1.22e+01,-1.48e-01,
3802,1.22e+01,-1.48e-01,
3803,1.23e+01,-1.48e-01,
3804,1.22e+01,-1.48e-01,
3805,1.23e+01,-1.48e-01,
3806,1.22e+01,-1.48e-01,
3807,1.23e+01,-1.48e-01,
3808,1.22e+01,-1.48e-01,
3809,1.23e+01,-1.48e-01,
3810,1.23e+01,-1.48e-01,
3811,1.23e+01,-1.48e-01,
3812,1.23e+01,-1.48e-01,
3813,1.23e+01,-1.48e-01,
3814,1.23e+01,-1.48e-01,
3815,1.23e+01,-1.48e-01,
3816,1.23e+01,-1.48e-01,
3817,1.23e+01,-1.48e-01,
3818,1.23e+01,-1.48e-01,
3819,1.23e+01,-1.48e-01,
3820,1.23e+01,-1.48e-01,
3821,1.23e+01,-1.48e-01,
3822,1.23e+01,-1.48e-01,
3823,1.23e+01,-1.48e-01,
3824,1.24e+01,-1.48e-01,
3825,1.24e+01,-1.48e-01,
3826,1.24e+01,-1.48e-01,
3827,1.24e+01,-1.48e-01,
3828,1.24e+01,-1.48e-01,
3829,1.24e+01,-1.48e-01,
3830,1.24e+01,-1.48e-01,
3831,1.24e+01,-1.48e-01,
3832,1.24e+01,-1.48e-01,
3833,1.24e+01,-1.48e-01,
3834,1.24e+01,-1.48e-01,
3835,1.24e+01,-1.48e-01,
3836,1.25e+01,-1.48e-01,
3837,1.24e+01,-1.48e-01,
3838,1.25e+01,-1.48e-01,
3839,1.25e+01,-1.48e-01,
3840,1.25e+01,-1.48e-01,
3841,1.25e+01,-1.48e-01,
3842,1.25e+01,-1.48e-01,
3843,1.25e+01,-1.48e-01,
3844,1.25e+01,-1.48e-01,
3845,1.25e+01,-1.48e-01,
3846,1.25e+01,-1.48e-01,
3847,1.25e+01,-1.48e-01,
3848,1.25e+01,-1.48e-01,
3849,1.25e+01,-1.48e-01,
3850,1.25e+01,-1.48e-01,
3851,1.25e+01,-1.48e-01,
3852,1.25e+01,-1.48e-01,
3853,1.25e+01,-1.48e-01,
3854,1.25e+01,-1.48e-01,
3855,1.25e+01,-1.48e-01,
3856,1.26e+01,-1.48e-01,
3857,1.26e+01,-1.48e-01,
3858,1.26e+01,-1.48e-01,
3859,1.26e+01,-1.48e-01,
3860,1.26e+01,-1.48e-01,
3861,1.26e+01,-1.48e-01,
3862,1.26e+01,-1.48e-01,
3863,1.26e+01,-1.48e-01,
3864,1.26e+01,-1.48e-01,
3865,1.26e+01,-1.48e-01,
3866,1.26e+01,-1.48e-01,
3867,1.26e+01,-1.48e-01,
3868,1.26e+01,-1.48e-01,
3869,1.26e+01,-1.48e-01,
3870,1.26e+01,-1.48e-01,
3871,1.26e+01,-1.48e-01,
3872,1.26e+01,-1.48e-01,
3873,1.26e+01,-1.48e-01,
3874,1.26e+01,-1.48e-01,
3875,1.26e+01,-1.48e-01,
3876,1.26e+01,-1.48e-01,
3877,1.26e+01,-1.48e-01,
3878,1.26e+01,-1.48e-01,
3879,1.26e+01,-1.48e-01,
3880,1.26e+01,-1.48e-01,
3881,1.26e+01,-1.48e-01,
3882,1.26e+01,-1.48e-01,
3883,1.26e+01,-1.48e-01,
3884,1.26e+01,-1.48e-01,
3885,1.26e+01,-1.48e-01,
3886,1.26e+01,-1.48e-01,
3887,1.26e+01,-1.48e-01,
3888,1.26e+01,-1.48e-01,
3889,1.27e+01,-1.48e-01,
3890,1.26e+01,-1.48e-01,
3891,1.27e+01,-1.48e-01,
3892,1.26e+01,-1.48e-01,
3893,1.27e+01,-1.48e-01,
3894,1.27e+01,-1.48e-01,
3895,1.27e+01,-1.48e-01,
3896,1.27e+01,-1.48e-01,
3897,1.27e+01,-1.48e-01,
3898,1.27e+01,-1.48e-01,
3899,1.27e+01,-1.48e-01,
3900,1.27e+01,-1.48e-01,
3901,1.27e+01,-1.48e-01,
3902,1.27e+01,-1.48e-01,
3903,1.27e+01,-1.48e-01,
3904,1.27e+01,-1.48e-01,
3905,1.27e+01,-1.48e-01,
3906,1.27e+01,-1.48e-01,
3907,1.27e+01,-1.48e-01,
3908,1.27e+01,-1.48e-01,
3909,1.28e+01,-1.48e-01,
3910,1.28e+01,-1.48e-01,
3911,1.27e+01,-1.48e-01,
3912,1.28e+01,-1.48e-01,
3913,1.28e+01,-1.48e-01,
3914,1.28e+01,-1.48e-01,
3915,1.28e+01,-1.48e-01,
3916,1.28e+01,-1.48e-01,
3917,1.28e+01,-1.48e-01,
3918,1.28e+01,-1.48e-01,
3919,1.28e+01,-1.48e-01,
3920,1.28e+01,-1.48e-01,
3921,1.28e+01,-1.48e-01,
3922,1.28e+01,-1.48e-01,
3923,1.28e+01,-1.48e-01,
3924,1.28e+01,-1.48e-01,
3925,1.28e+01,-1.48e-01,
3926,1.28e+01,-1.48e-01,
3927,1.28e+01,-1.48e-01,
3928,1.29e+01,-1.48e-01,
3929,1.29e+01,-1.48e-01,
3930,1.28e+01,-1.48e-01,
3931,1.28e+01,-1.48e-01,
3932,1.28e+01,-1.48e-01,
3933,1.29e+01,-1.48e-01,
3934,1.29e+01,-1.48e-01,
3935,1.29e+01,-1.48e-01,
3936,1.29e+01,-1.48e-01,
3937,1.29e+01,-1.48e-01,
3938,1.29e+01,-1.48e-01,
3939,1.29e+01,-1.48e-01,
3940,1.29e+01,-1.48e-01,
3941,1.29e+01,-1.48e-01,
3942,1.29e+01,-1.48e-01,
3943,1.29e+01,-1.48e-01,
3944,1.29e+01,-1.48e-01,
3945,1.29e+01,-1.48e-01,
3946,1.29e+01,-1.48e-01,
3947,1.30e+01,-1.48e-01,
3948,1.30e+01,-1.48e-01,
3949,1.30e+01,-1.48e-01,
3950,1.30e+01,-1.48e-01,
3951,1.30e+01,-1.48e-01,
3952,1.30e+01,-1.48e-01,
3953,1.30e+01,-1.48e-01,
3954,1.30e+01,-1.48e-01,
3955,1.30e+01,-1.48e-01,
3956,1.30e+01,-1.48e-01,
3957,1.30e+01,-1.48e-01,
3958,1.30e+01,-1.48e-01,
3959,1.30e+01,-1.48e-01,
3960,1.30e+01,-1.48e-01,
3961,1.30e+01,-1.48e-01,
3962,1.30e+01,-1.48e-01,
3963,1.30e+01,-1.48e-01,
3964,1.30e+01,-1.48e-01,
3965,1.30e+01,-1.48e-01,
3966,1.30e+01,-1.48e-01,
3967,1.30e+01,-1.48e-01,
3968,1.30e+01,-1.48e-01,
3969,1.30e+01,-1.48e-01,
3970,1.30e+01,-1.48e-01,
3971,1.30e+01,-1.48e-01,
3972,1.30e+01,-1.48e-01,
3973,1.30e+01,-1.48e-01,
3974,1.30e+01,-1.48e-01,
3975,1.30e+01,-1.48e-01,
3976,1.30e+01,-1.48e-01,
3977,1.30e+01,-1.48e-01,
3978,1.30e+01,-1.48e-01,
3979,1.30e+01,-1.48e-01,
3980,1.30e+01,-1.48e-01,
3981,1.30e+01,-1.48e-01,
3982,1.30e+01,-1.48e-01,
3983,1.30e+01,-1.48e-01,
3984,1.30e+01,-1.48e-01,
3985,1.30e+01,-1.48e-01,
3986,1.30e+01,-1.48e-01,
3987,1.32e+01,-1.48e-01,
3988,1.32e+01,-1.48e-01,
3989,1.32e+01,-1.48e-01,
3990,1.32e+01,-1.48e-01,
3991,1.32e+01,-1.48e-01,
3992,1.32e+01,-1.48e-01,
3993,1.32e+01,-1.48e-01,
3994,1.32e+01,-1.48e-01,
3995,1.32e+01,-1.48e-01,
3996,1.32e+01,-1.48e-01,
3997,1.32e+01,-1.48e-01,
3998,1.32e+01,-1.48e-01,
3999,1.32e+01,-1.48e-01,
4000,1.32e+01,-1.48e-01,
4001,1.32e+01,-1.48e-01,
4002,1.33e+01,-1.48e-01,
4003,1.32e+01,-1.48e-01,
4004,1.32e+01,-1.48e-01,
4005,1.33e+01,-1.48e-01,
4006,1.32e+01,-1.48e-01,
4007,1.33e+01,-1.48e-01,
4008,1.33e+01,-1.48e-01,
4009,1.33e+01,-1.48e-01,
4010,1.33e+01,-1.48e-01,
4011,1.33e+01,-1.48e-01,
4012,1.33e+01,-1.48e-01,
4013,1.33e+01,-1.48e-01,
4014,1.33e+01,-1.48e-01,
4015,1.33e+01,-1.48e-01,
4016,1.33e+01,-1.48e-01,
4017,1.33e+01,-1.48e-01,
4018,1.33e+01,-1.40e-01,
4019,1.33e+01,-1.40e-01,
4020,1.33e+01,-1.48e-01,
4021,1.33e+01,-1.48e-01,
4022,1.33e+01,-1.48e-01,
4023,1.33e+01,-1.48e-01,
4024,1.34e+01,-1.48e-01,
4025,1.34e+01,-1.40e-01,
4026,1.33e+01,-1.48e-01,
4027,1.33e+01,-1.48e-01,
4028,1.34e+01,-1.48e-01,
4029,1.34e+01,-1.40e-01,
4030,1.34e+01,-1.48e-01,
4031,1.34e+01,-1.48e-01,
4032,1.34e+01,-1.48e-01,
4033,1.34e+01,-1.48e-01,
4034,1.34e+01,-1.48e-01,
4035,1.34e+01,-1.48e-01,
4036,1.34e+01,-1.48e-01,
4037,1.34e+01,-1.48e-01,
4038,1.34e+01,-1.48e-01,
4039,1.34e+01,-1.48e-01,
4040,1.34e+01,-1.48e-01,
4041,1.34e+01,-1.48e-01,
4042,1.34e+01,-1.48e-01,
4043,1.34e+01,-1.48e-01,
4044,1.34e+01,-1.48e-01,
4045,1.34e+01,-1.48e-01,
4046,1.34e+01,-1.48e-01,
4047,1.34e+01,-1.40e-01,
4048,1.34e+01,-1.48e-01,
4049,1.34e+01,-1.48e-01,
4050,1.34e+01,-1.48e-01,
4051,1.34e+01,-1.48e-01,
4052,1.34e+01,-1.48e-01,
4053,1.34e+01,-1.48e-01,
4054,1.34e+01,-1.40e-01,
4055,1.34e+01,-1.48e-01,
4056,1.34e+01,-1.48e-01,
4057,1.34e+01,-1.48e-01,
4058,1.34e+01,-1.48e-01,
4059,1.34e+01,-1.48e-01,
4060,1.34e+01,-1.48e-01,
4061,1.34e+01,-1.48e-01,
4062,1.34e+01,-1.48e-01,
4063,1.34e+01,-1.48e-01,
4064,1.34e+01,-1.48e-01,
4065,1.34e+01,-1.48e-01,
4066,1.34e+01,-1.48e-01,
4067,1.34e+01,-1.48e-01,
4068,1.34e+01,-1.48e-01,
4069,1.34e+01,-1.48e-01,
4070,1.35e+01,-1.48e-01,
4071,1.34e+01,-1.48e-01,
4072,1.34e+01,-1.48e-01,
4073,1.35e+01,-1.48e-01,
4074,1.34e+01,-1.48e-01,
4075,1.34e+01,-1.48e-01,
4076,1.35e+01,-1.48e-01,
4077,1.35e+01,-1.48e-01,
4078,1.34e+01,-1.48e-01,
4079,1.34e+01,-1.48e-01,
4080,1.34e+01,-1.48e-01,
4081,1.35e+01,-1.48e-01,
4082,1.34e+01,-1.48e-01,
4083,1.35e+01,-1.48e-01,
4084,1.35e+01,-1.48e-01,
4085,1.35e+01,-1.48e-01,
4086,1.35e+01,-1.48e-01,
4087,1.35e+01,-1.48e-01,
4088,1.35e+01,-1.48e-01,
4089,1.34e+01,-1.48e-01,
4090,1.34e+01,-1.48e-01,
4091,1.35e+01,-1.48e-01,
4092,1.35e+01,-1.48e-01,
4093,1.35e+01,-1.48e-01,
4094,1.35e+01,-1.48e-01,
4095,1.35e+01,-1.48e-01,
4096,1.34e+01,-1.48e-01,
4097,1.35e+01,-1.40e-01,
4098,1.35e+01,-1.40e-01,
4099,1.35e+01,-1.48e-01,
4100,1.35e+01,-1.40e-01,
4101,1.35e+01,-1.40e-01,
4102,1.35e+01,-1.40e-01,
4103,1.35e+01,-1.40e-01,
4104,1.35e+01,-1.40e-01,
4105,1.35e+01,-1.40e-01,
4106,1.35e+01,-1.40e-01,
4107,1.35e+01,-1.40e-01,
4108,1.35e+01,-1.40e-01,
4109,1.35e+01,-1.40e-01,
4110,1.35e+01,-1.40e-01,
4111,1.35e+01,-1.40e-01,
4112,1.35e+01,-1.40e-01,
4113,1.35e+01,-1.40e-01,
4114,1.35e+01,-1.40e-01,
4115,1.35e+01,-1.40e-01,
4116,1.35e+01,-1.40e-01,
4117,1.35e+01,-1.40e-01,
4118,1.35e+01,-1.40e-01,
4119,1.35e+01,-1.40e-01,
4120,1.35e+01,-1.40e-01,
4121,1.35e+01,-1.40e-01,
4122,1.35e+01,-1.40e-01,
4123,1.35e+01,-1.40e-01,
4124,1.35e+01,-1.40e-01,
4125,1.35e+01,-1.40e-01,
4126,1.35e+01,-1.40e-01,
4127,1.35e+01,-1.40e-01,
4128,1.35e+01,-1.40e-01,
4129,1.35e+01,-1.40e-01,
4130,1.34e+01,-1.40e-01,
4131,1.35e+01,-1.40e-01,
4132,1.35e+01,-1.40e-01,
4133,1.35e+01,-1.40e-01,
4134,1.35e+01,-1.40e-01,
4135,1.35e+01,-1.40e-01,
4136,1.35e+01,-1.40e-01,
4137,1.35e+01,-1.40e-01,
4138,1.35e+01,-1.40e-01,
4139,1.35e+01,-1.40e-01,
4140,1.35e+01,-1.40e-01,
4141,1.34e+01,-1.40e-01,
4142,1.35e+01,-1.40e-01,
4143,1.35e+01,-1.40e-01,
4144,1.35e+01,-1.40e-01,
4145,1.35e+01,-1.40e-01,
4146,1.35e+01,-1.40e-01,
4147,1.35e+01,-1.40e-01,
4148,1.35e+01,-1.40e-01,
4149,1.35e+01,-1.40e-01,
4150,1.35e+01,-1.40e-01,
4151,1.35e+01,-1.40e-01,
4152,1.35e+01,-1.40e-01,
4153,1.34e+01,-1.40e-01,
4154,1.35e+01,-1.40e-01,
4155,1.35e+01,-1.40e-01,
4156,1.34e+01,-1.40e-01,
4157,1.35e+01,-1.40e-01,
4158,1.34e+01,-1.40e-01,
4159,1.35e+01,-1.40e-01,
4160,1.35e+01,-1.40e-01,
4161,1.35e+01,-1.40e-01,
4162,1.35e+01,-1.40e-01,
4163,1.35e+01,-1.40e-01,
4164,1.35e+01,-1.40e-01,
4165,1.35e+01,-1.40e-01,
4166,1.35e+01,-1.40e-01,
4167,1.35e+01,-1.40e-01,
4168,1.35e+01,-1.40e-01,
4169,1.35e+01,-1.40e-01,
4170,1.35e+01,-1.40e-01,
4171,1.34e+01,-1.40e-01,
4172,1.35e+01,-1.40e-01,
4173,1.35e+01,-1.40e-01,
4174,1.35e+01,-1.40e-01,
4175,1.35e+01,-1.40e-01,
4176,1.35e+01,-1.40e-01,
4177,1.35e+01,-1.40e-01,
4178,1.34e+01,-1.40e-01,
4179,1.35e+01,-1.40e-01,
4180,1.35e+01,-1.40e-01,
4181,1.35e+01,-1.40e-01,
4182,1.35e+01,-1.40e-01,
4183,1.35e+01,-1.40e-01,
4184,1.35e+01,-1.40e-01,
4185,1.35e+01,-1.40e-01,
4186,1.35e+01,-1.40e-01,
4187,1.35e+01,-1.40e-01,
4188,1.35e+01,-1.40e-01,
4189,1.35e+01,-1.40e-01,
4190,1.35e+01,-1.40e-01,
4191,1.35e+01,-1.40e-01,
4192,1.35e+01,-1.40e-01,
4193,1.35e+01,-1.40e-01,
4194,1.35e+01,-1.40e-01,
4195,1.35e+01,-1.40e-01,
4196,1.35e+01,-1.40e-01,
4197,1.35e+01,-1.40e-01,
4198,1.35e+01,-1.40e-01,
4199,1.35e+01,-1.40e-01,
4200,1.35e+01,-1.40e-01,
4201,1.35e+01,-1.40e-01,
4202,1.35e+01,-1.40e-01,
4203,1.35e+01,-1.40e-01,
4204,1.35e+01,-1.40e-01,
4205,1.35e+01,-1.40e-01,
4206,1.35e+01,-1.40e-01,
4207,1.35e+01,-1.40e-01,
4208,1.35e+01,-1.40e-01,
4209,1.35e+01,-1.40e-01,
4210,1.35e+01,-1.40e-01,
4211,1.35e+01,-1.40e-01,
4212,1.35e+01,-1.40e-01,
4213,1.35e+01,-1.40e-01,
4214,1.35e+01,-1.40e-01,
4215,1.35e+01,-1.40e-01,
4216,1.35e+01,-1.40e-01,
4217,1.35e+01,-1.40e-01,
4218,1.35e+01,-1.40e-01,
4219,1.35e+01,-1.40e-01,
4220,1.35e+01,-1.40e-01,
4221,1.35e+01,-1.40e-01,
4222,1.35e+01,-1.40e-01,
4223,1.35e+01,-1.40e-01,
4224,1.35e+01,-1.40e-01,
4225,1.35e+01,-1.40e-01,
4226,1.35e+01,-1.40e-01,
4227,1.35e+01,-1.40e-01,
4228,1.35e+01,-1.40e-01,
4229,1.35e+01,-1.40e-01,
4230,1.35e+01,-1.40e-01,
4231,1.34e+01,-1.40e-01,
4232,1.35e+01,-1.40e-01,
4233,1.35e+01,-1.40e-01,
4234,1.35e+01,-1.40e-01,
4235,1.35e+01,-1.40e-01,
4236,1.35e+01,-1.40e-01,
4237,1.35e+01,-1.40e-01,
4238,1.35e+01,-1.40e-01,
4239,1.35e+01,-1.40e-01,
4240,1.35e+01,-1.40e-01,
4241,1.35e+01,-1.40e-01,
4242,1.35e+01,-1.40e-01,
4243,1.35e+01,-1.40e-01,
4244,1.35e+01,-1.40e-01,
4245,1.35e+01,-1.40e-01,
4246,1.34e+01,-1.40e-01,
4247,1.35e+01,-1.40e-01,
4248,1.35e+01,-1.40e-01,
4249,1.35e+01,-1.40e-01,
4250,1.35e+01,-1.40e-01,
4251,1.35e+01,-1.40e-01,
4252,1.35e+01,-1.40e-01,
4253,1.35e+01,-1.40e-01,
4254,1.35e+01,-1.40e-01,
4255,1.35e+01,-1.40e-01,
4256,1.35e+01,-1.40e-01,
4257,1.35e+01,-1.40e-01,
4258,1.35e+01,-1.40e-01,
4259,1.35e+01,-1.40e-01,
4260,1.35e+01,-1.40e-01,
4261,1.35e+01,-1.40e-01,
4262,1.35e+01,-1.40e-01,
4263,1.35e+01,-1.40e-01,
4264,1.34e+01,-1.40e-01,
4265,1.35e+01,-1.40e-01,
4266,1.35e+01,-1.40e-01,
4267,1.35e+01,-1.40e-01,
4268,1.35e+01,-1.40e-01,
4269,1.35e+01,-1.40e-01,
4270,1.35e+01,-1.40e-01,
4271,1.35e+01,-1.40e-01,
4272,1.34e+01,-1.40e-01,
4273,1.35e+01,-1.40e-01,
4274,1.35e+01,-1.40e-01,
4275,1.35e+01,-1.40e-01,
4276,1.35e+01,-1.40e-01,
4277,1.35e+01,-1.40e-01,
4278,1.35e+01,-1.40e-01,
4279,1.35e+01,-1.40e-01,
4280,1.35e+01,-1.40e-01,
4281,1.35e+01,-1.40e-01,
4282,1.35e+01,-1.40e-01,
4283,1.35e+01,-1.40e-01,
4284,1.35e+01,-1.40e-01,
4285,1.35e+01,-1.40e-01,
4286,1.35e+01,-1.40e-01,
4287,1.35e+01,-1.40e-01,
4288,1.35e+01,-1.40e-01,
4289,1.35e+01,-1.40e-01,
4290,1.35e+01,-1.40e-01,
4291,1.35e+01,-1.40e-01,
4292,1.35e+01,-1.40e-01,
4293,1.34e+01,-1.40e-01,
4294,1.34e+01,-1.40e-01,
4295,1.35e+01,-1.40e-01,
4296,1.35e+01,-1.40e-01,
4297,1.35e+01,-1.40e-01,
4298,1.35e+01,-1.40e-01,
4299,1.35e+01,-1.40e-01,
4300,1.35e+01,-1.40e-01,
4301,1.35e+01,-1.40e-01,
4302,1.35e+01,-1.40e-01,
4303,1.34e+01,-1.40e-01,
4304,1.34e+01,-1.40e-01,
4305,1.35e+01,-1.40e-01,
4306,1.35e+01,-1.40e-01,
4307,1.35e+01,-1.40e-01,
4308,1.35e+01,-1.40e-01,
4309,1.35e+01,-1.40e-01,
4310,1.35e+01,-1.40e-01,
4311,1.35e+01,-1.40e-01,
4312,1.35e+01,-1.40e-01,
4313,1.35e+01,-1.40e-01,
4314,1.35e+01,-1.40e-01,
4315,1.35e+01,-1.40e-01,
4316,1.35e+01,-1.40e-01,
4317,1.35e+01,-1.40e-01,
4318,1.35e+01,-1.40e-01,
4319,1.35e+01,-1.40e-01,
4320,1.35e+01,-1.40e-01,
4321,1.35e+01,-1.40e-01,
4322,1.34e+01,-1.40e-01,
4323,1.35e+01,-1.40e-01,
4324,1.35e+01,-1.40e-01,
4325,1.35e+01,-1.40e-01,
4326,1.35e+01,-1.40e-01,
4327,1.35e+01,-1.40e-01,
4328,1.35e+01,-1.40e-01,
4329,1.35e+01,-1.40e-01,
4330,1.35e+01,-1.40e-01,
4331,1.35e+01,-1.40e-01,
4332,1.35e+01,-1.40e-01,
4333,1.35e+01,-1.40e-01,
4334,1.34e+01,-1.40e-01,
4335,1.35e+01,-1.40e-01,
4336,1.35e+01,-1.40e-01,
4337,1.35e+01,-1.40e-01,
4338,1.35e+01,-1.40e-01,
4339,1.35e+01,-1.40e-01,
4340,1.35e+01,-1.40e-01,
4341,1.35e+01,-1.40e-01,
4342,1.35e+01,-1.40e-01,
4343,1.35e+01,-1.40e-01,
4344,1.35e+01,-1.40e-01,
4345,1.34e+01,-1.40e-01,
4346,1.35e+01,-1.40e-01,
4347,1.34e+01,-1.40e-01,
4348,1.35e+01,-1.40e-01,
4349,1.34e+01,-1.40e-01,
4350,1.35e+01,-1.40e-01,
4351,1.34e+01,-1.40e-01,
4352,1.35e+01,-1.40e-01,
4353,1.35e+01,-1.40e-01,
4354,1.35e+01,-1.40e-01,
4355,1.35e+01,-1.40e-01,
4356,1.35e+01,-1.40e-01,
4357,1.35e+01,-1.40e-01,
4358,1.35e+01,-1.40e-01,
4359,1.35e+01,-1.40e-01,
4360,1.35e+01,-1.40e-01,
4361,1.35e+01,-1.40e-01,
4362,1.35e+01,-1.40e-01,
4363,1.35e+01,-1.40e-01,
4364,1.35e+01,-1.40e-01,
4365,1.35e+01,-1.40e-01,
4366,1.35e+01,-1.40e-01,
4367,1.35e+01,-1.40e-01,
4368,1.34e+01,-1.40e-01,
4369,1.35e+01,-1.48e-01,
4370,1.35e+01,-1.40e-01,
4371,1.35e+01,-1.40e-01,
4372,1.35e+01,-1.40e-01,
4373,1.35e+01,-1.40e-01,
4374,1.35e+01,-1.40e-01,
4375,1.35e+01,-1.40e-01,
4376,1.35e+01,-1.40e-01,
4377,1.35e+01,-1.40e-01,
4378,1.35e+01,-1.40e-01,
4379,1.35e+01,-1.40e-01,
4380,1.35e+01,-1.40e-01,
4381,1.35e+01,-1.40e-01,
4382,1.35e+01,-1.40e-01,
4383,1.35e+01,-1.40e-01,
4384,1.34e+01,-1.40e-01,
4385,1.35e+01,-1.40e-01,
4386,1.35e+01,-1.40e-01,
4387,1.35e+01,-1.40e-01,
4388,1.35e+01,-1.40e-01,
4389,1.34e+01,-1.40e-01,
4390,1.35e+01,-1.40e-01,
4391,1.35e+01,-1.40e-01,
4392,1.35e+01,-1.40e-01,
4393,1.34e+01,-1.40e-01,
4394,1.35e+01,-1.40e-01,
4395,1.35e+01,-1.40e-01,
4396,1.35e+01,-1.40e-01,
4397,1.35e+01,-1.40e-01,
4398,1.34e+01,-1.40e-01,
4399,1.35e+01,-1.40e-01,
4400,1.34e+01,-1.40e-01,
4401,1.35e+01,-1.40e-01,
4402,1.35e+01,-1.40e-01,
4403,1.35e+01,-1.40e-01,
4404,1.34e+01,-1.40e-01,
4405,1.35e+01,-1.40e-01,
4406,1.35e+01,-1.40e-01,
4407,1.35e+01,-1.40e-01,
4408,1.35e+01,-1.40e-01,
4409,1.35e+01,-1.40e-01,
4410,1.35e+01,-1.40e-01,
4411,1.34e+01,-1.40e-01,
4412,1.35e+01,-1.40e-01,
4413,1.34e+01,-1.40e-01,
4414,1.35e+01,-1.40e-01,
4415,1.34e+01,-1.40e-01,
4416,1.35e+01,-1.40e-01,
4417,1.35e+01,-1.40e-01,
4418,1.35e+01,-1.40e-01,
4419,1.34e+01,-1.40e-01,
4420,1.35e+01,-1.40e-01,
4421,1.35e+01,-1.40e-01,
4422,1.35e+01,-1.40e-01,
4423,1.35e+01,-1.40e-01,
4424,1.35e+01,-1.40e-01,
4425,1.35e+01,-1.40e-01,
4426,1.35e+01,-1.40e-01,
4427,1.35e+01,-1.40e-01,
4428,1.35e+01,-1.40e-01,
4429,1.34e+01,-1.40e-01,
4430,1.35e+01,-1.40e-01,
4431,1.35e+01,-1.40e-01,
4432,1.34e+01,-1.40e-01,
4433,1.35e+01,-1.40e-01,
4434,1.35e+01,-1.40e-01,
4435,1.35e+01,-1.40e-01,
4436,1.35e+01,-1.40e-01,
4437,1.35e+01,-1.40e-01,
4438,1.35e+01,-1.40e-01,
4439,1.35e+01,-1.40e-01,
4440,1.35e+01,-1.40e-01,
4441,1.35e+01,-1.40e-01,
4442,1.35e+01,-1.40e-01,
4443,1.35e+01,-1.40e-01,
4444,1.35e+01,-1.40e-01,
4445,1.35e+01,-1.40e-01,
4446,1.35e+01,-1.40e-01,
4447,1.35e+01,-1.40e-01,
4448,1.35e+01,-1.40e-01,
4449,1.35e+01,-1.40e-01,
4450,1.35e+01,-1.40e-01,
4451,1.35e+01,-1.40e-01,
4452,1.35e+01,-1.40e-01,
4453,1.35e+01,-1.40e-01,
4454,1.35e+01,-1.40e-01,
4455,1.35e+01,-1.40e-01,
4456,1.35e+01,-1.40e-01,
4457,1.35e+01,-1.40e-01,
4458,1.35e+01,-1.40e-01,
4459,1.35e+01,-1.40e-01,
4460,1.35e+01,-1.40e-01,
4461,1.35e+01,-1.40e-01,
4462,1.35e+01,-1.40e-01,
4463,1.35e+01,-1.40e-01,
4464,1.35e+01,-1.40e-01,
4465,1.35e+01,-1.40e-01,
4466,1.35e+01,-1.40e-01,
4467,1.35e+01,-1.40e-01,
4468,1.35e+01,-1.40e-01,
4469,1.35e+01,-1.40e-01,
4470,1.35e+01,-1.40e-01,
4471,1.35e+01,-1.40e-01,
4472,1.34e+01,-1.40e-01,
4473,1.35e+01,-1.40e-01,
4474,1.35e+01,-1.40e-01,
4475,1.35e+01,-1.40e-01,
4476,1.35e+01,-1.40e-01,
4477,1.35e+01,-1.40e-01,
4478,1.35e+01,-1.40e-01,
4479,1.35e+01,-1.40e-01,
4480,1.35e+01,-1.40e-01,
4481,1.35e+01,-1.40e-01,
4482,1.35e+01,-1.40e-01,
4483,1.35e+01,-1.40e-01,
4484,1.35e+01,-1.40e-01,
4485,1.34e+01,-1.40e-01,
4486,1.35e+01,-1.40e-01,
4487,1.35e+01,-1.40e-01,
4488,1.35e+01,-1.40e-01,
4489,1.35e+01,-1.40e-01,
4490,1.35e+01,-1.40e-01,
4491,1.35e+01,-1.40e-01,
4492,1.35e+01,-1.40e-01,
4493,1.35e+01,-1.40e-01,
4494,1.35e+01,-1.40e-01,
4495,1.34e+01,-1.40e-01,
4496,1.35e+01,-1.40e-01,
4497,1.35e+01,-1.40e-01,
4498,1.35e+01,-1.40e-01,
4499,1.35e+01,-1.40e-01,
4500,1.34e+01,-1.40e-01,
4501,1.35e+01,-1.40e-01,
4502,1.35e+01,-1.40e-01,
4503,1.35e+01,-1.40e-01,
4504,1.34e+01,-1.40e-01,
4505,1.35e+01,-1.40e-01,
4506,1.35e+01,-1.40e-01,
4507,1.35e+01,-1.40e-01,
4508,1.35e+01,-1.40e-01,
4509,1.35e+01,-1.40e-01,
4510,1.35e+01,-1.40e-01,
4511,1.35e+01,-1.40e-01,
4512,1.34e+01,-1.40e-01,
4513,1.35e+01,-1.40e-01,
4514,1.35e+01,-1.40e-01,
4515,1.34e+01,-1.40e-01,
4516,1.35e+01,-1.40e-01,
4517,1.34e+01,-1.40e-01,
4518,1.35e+01,-1.40e-01,
4519,1.35e+01,-1.40e-01,
4520,1.35e+01,-1.40e-01,
4521,1.35e+01,-1.40e-01,
4522,1.35e+01,-1.40e-01,
4523,1.35e+01,-1.40e-01,
4524,1.35e+01,-1.40e-01,
4525,1.35e+01,-1.40e-01,
4526,1.35e+01,-1.40e-01,
4527,1.34e+01,-1.40e-01,
4528,1.35e+01,-1.40e-01,
4529,1.35e+01,-1.40e-01,
4530,1.35e+01,-1.40e-01,
4531,1.34e+01,-1.40e-01,
4532,1.35e+01,-1.40e-01,
4533,1.35e+01,-1.40e-01,
4534,1.35e+01,-1.40e-01,
4535,1.35e+01,-1.40e-01,
4536,1.35e+01,-1.40e-01,
4537,1.35e+01,-1.40e-01,
4538,1.35e+01,-1.40e-01,
4539,1.35e+01,-1.40e-01,
4540,1.35e+01,-1.40e-01,
4541,1.34e+01,-1.40e-01,
4542,1.35e+01,-1.40e-01,
4543,1.35e+01,-1.40e-01,
4544,1.35e+01,-1.40e-01,
4545,1.34e+01,-1.40e-01,
4546,1.35e+01,-1.40e-01,
4547,1.35e+01,-1.40e-01,
4548,1.35e+01,-1.40e-01,
4549,1.35e+01,-1.40e-01,
4550,1.34e+01,-1.40e-01,
4551,1.35e+01,-1.40e-01,
4552,1.34e+01,-1.40e-01,
4553,1.34e+01,-1.40e-01,
4554,1.35e+01,-1.40e-01,
4555,1.35e+01,-1.40e-01,
4556,1.35e+01,-1.40e-01,
4557,1.35e+01,-1.40e-01,
4558,1.35e+01,-1.40e-01,
4559,1.35e+01,-1.40e-01,
4560,1.35e+01,-1.40e-01,
4561,1.35e+01,-1.40e-01,
4562,1.35e+01,-1.40e-01,
4563,1.35e+01,-1.40e-01,
4564,1.35e+01,-1.40e-01,
4565,1.35e+01,-1.40e-01,
4566,1.35e+01,-1.40e-01,
4567,1.35e+01,-1.40e-01,
4568,1.35e+01,-1.40e-01,
4569,1.35e+01,-1.40e-01,
4570,1.35e+01,-1.40e-01,
4571,1.35e+01,-1.40e-01,
4572,1.35e+01,-1.40e-01,
4573,1.35e+01,-1.40e-01,
4574,1.35e+01,-1.40e-01,
4575,1.35e+01,-1.40e-01,
4576,1.35e+01,-1.40e-01,
4577,1.35e+01,-1.40e-01,
4578,1.35e+01,-1.40e-01,
4579,1.35e+01,-1.40e-01,
4580,1.35e+01,-1.40e-01,
4581,1.35e+01,-1.40e-01,
4582,1.35e+01,-1.40e-01,
4583,1.35e+01,-1.40e-01,
4584,1.35e+01,-1.40e-01,
4585,1.35e+01,-1.40e-01,
4586,1.35e+01,-1.40e-01,
4587,1.35e+01,-1.40e-01,
4588,1.35e+01,-1.40e-01,
4589,1.35e+01,-1.40e-01,
4590,1.35e+01,-1.40e-01,
4591,1.35e+01,-1.40e-01,
4592,1.35e+01,-1.40e-01,
4593,1.35e+01,-1.40e-01,
4594,1.34e+01,-1.40e-01,
4595,1.35e+01,-1.40e-01,
4596,1.35e+01,-1.40e-01,
4597,1.35e+01,-1.40e-01,
4598,1.35e+01,-1.40e-01,
4599,1.35e+01,-1.40e-01,
4600,1.35e+01,-1.40e-01,
4601,1.35e+01,-1.40e-01,
4602,1.35e+01,-1.40e-01,
4603,1.35e+01,-1.40e-01,
4604,1.35e+01,-1.40e-01,
4605,1.35e+01,-1.40e-01,
4606,1.35e+01,-1.40e-01,
4607,1.35e+01,-1.40e-01,
4608,1.35e+01,-1.40e-01,
4609,1.35e+01,-1.40e-01,
4610,1.35e+01,-1.40e-01,
4611,1.35e+01,-1.40e-01,
4612,1.35e+01,-1.40e-01,
4613,1.35e+01,-1.40e-01,
4614,1.35e+01,-1.40e-01,
4615,1.35e+01,-1.40e-01,
4616,1.34e+01,-1.40e-01,
4617,1.35e+01,-1.40e-01,
4618,1.35e+01,-1.40e-01,
4619,1.35e+01,-1.40e-01,
4620,1.35e+01,-1.40e-01,
4621,1.35e+01,-1.40e-01,
4622,1.35e+01,-1.40e-01,
4623,1.35e+01,-1.40e-01,
4624,1.35e+01,-1.40e-01,
4625,1.35e+01,-1.40e-01,
4626,1.35e+01,-1.40e-01,
4627,1.35e+01,-1.40e-01,
4628,1.34e+01,-1.40e-01,
4629,1.35e+01,-1.40e-01,
4630,1.35e+01,-1.40e-01,
4631,1.35e+01,-1.40e-01,
4632,1.35e+01,-1.40e-01,
4633,1.35e+01,-1.40e-01,
4634,1.35e+01,-1.40e-01,
4635,1.35e+01,-1.40e-01,
4636,1.35e+01,-1.40e-01,
4637,1.35e+01,-1.40e-01,
4638,1.35e+01,-1.40e-01,
4639,1.35e+01,-1.40e-01,
4640,1.35e+01,-1.40e-01,
4641,1.35e+01,-1.40e-01,
4642,1.35e+01,-1.40e-01,
4643,1.35e+01,-1.40e-01,
4644,1.34e+01,-1.40e-01,
4645,1.35e+01,-1.40e-01,
4646,1.35e+01,-1.40e-01,
4647,1.35e+01,-1.40e-01,
4648,1.35e+01,-1.40e-01,
4649,1.35e+01,-1.40e-01,
4650,1.35e+01,-1.40e-01,
4651,1.34e+01,-1.40e-01,
4652,1.35e+01,-1.40e-01,
4653,1.34e+01,-1.40e-01,
4654,1.35e+01,-1.40e-01,
4655,1.35e+01,-1.40e-01,
4656,1.35e+01,-1.40e-01,
4657,1.35e+01,-1.40e-01,
4658,1.35e+01,-1.40e-01,
4659,1.35e+01,-1.40e-01,
4660,1.35e+01,-1.40e-01,
4661,1.35e+01,-1.40e-01,
4662,1.35e+01,-1.40e-01,
4663,1.35e+01,-1.40e-01,
4664,1.35e+01,-1.40e-01,
4665,1.35e+01,-1.40e-01,
4666,1.35e+01,-1.40e-01,
4667,1.35e+01,-1.40e-01,
4668,1.35e+01,-1.40e-01,
4669,1.35e+01,-1.40e-01,
4670,1.35e+01,-1.40e-01,
4671,1.35e+01,-1.40e-01,
4672,1.35e+01,-1.40e-01,
4673,1.35e+01,-1.40e-01,
4674,1.35e+01,-1.40e-01,
4675,1.35e+01,-1.40e-01,
4676,1.35e+01,-1.40e-01,
4677,1.35e+01,-1.48e-01,
4678,1.35e+01,-1.40e-01,
4679,1.35e+01,-1.40e-01,
4680,1.34e+01,-1.40e-01,
4681,1.35e+01,-1.40e-01,
4682,1.35e+01,-1.40e-01,
4683,1.35e+01,-1.40e-01,
4684,1.35e+01,-1.40e-01,
4685,1.35e+01,-1.40e-01,
4686,1.35e+01,-1.40e-01,
4687,1.35e+01,-1.40e-01,
4688,1.35e+01,-1.40e-01,
4689,1.35e+01,-1.40e-01,
4690,1.35e+01,-1.40e-01,
4691,1.35e+01,-1.40e-01,
4692,1.35e+01,-1.40e-01,
4693,1.35e+01,-1.40e-01,
4694,1.35e+01,-1.40e-01,
4695,1.34e+01,-1.40e-01,
4696,1.35e+01,-1.40e-01,
4697,1.34e+01,-1.40e-01,
4698,1.35e+01,-1.40e-01,
4699,1.35e+01,-1.40e-01,
4700,1.35e+01,-1.40e-01,
4701,1.35e+01,-1.40e-01,
4702,1.35e+01,-1.40e-01,
4703,1.35e+01,-1.40e-01,
4704,1.35e+01,-1.40e-01,
4705,1.35e+01,-1.40e-01,
4706,1.35e+01,-1.40e-01,
4707,1.35e+01,-1.40e-01,
4708,1.35e+01,-1.40e-01,
4709,1.34e+01,-1.40e-01,
4710,1.35e+01,-1.40e-01,
4711,1.35e+01,-1.40e-01,
4712,1.34e+01,-1.40e-01,
4713,1.35e+01,-1.40e-01,
4714,1.35e+01,-1.40e-01,
4715,1.35e+01,-1.40e-01,
4716,1.35e+01,-1.40e-01,
4717,1.35e+01,-1.40e-01,
4718,1.35e+01,-1.40e-01,
4719,1.35e+01,-1.40e-01,
4720,1.35e+01,-1.40e-01,
4721,1.35e+01,-1.40e-01,
4722,1.35e+01,-1.40e-01,
4723,1.34e+01,-1.40e-01,
4724,1.35e+01,-1.40e-01,
4725,1.35e+01,-1.40e-01,
4726,1.35e+01,-1.40e-01,
4727,1.35e+01,-1.40e-01,
4728,1.35e+01,-1.40e-01,
4729,1.35e+01,-1.40e-01,
4730,1.34e+01,-1.40e-01,
4731,1.35e+01,-1.40e-01,
4732,1.34e+01,-1.40e-01,
4733,1.35e+01,-1.40e-01,
4734,1.35e+01,-1.40e-01,
4735,1.35e+01,-1.40e-01,
4736,1.35e+01,-1.40e-01,
4737,1.35e+01,-1.40e-01,
4738,1.35e+01,-1.40e-01,
4739,1.35e+01,-1.40e-01,
4740,1.35e+01,-1.40e-01,
4741,1.35e+01,-1.40e-01,
4742,1.35e+01,-1.40e-01,
4743,1.35e+01,-1.40e-01,
4744,1.35e+01,-1.40e-01,
4745,1.34e+01,-1.40e-01,
4746,1.35e+01,-1.40e-01,
4747,1.35e+01,-1.40e-01,
4748,1.35e+01,-1.40e-01,
4749,1.35e+01,-1.40e-01,
4750,1.35e+01,-1.40e-01,
4751,1.35e+01,-1.40e-01,
4752,1.34e+01,-1.40e-01,
4753,1.35e+01,-1.40e-01,
4754,1.35e+01,-1.40e-01,
4755,1.35e+01,-1.40e-01,
4756,1.35e+01,-1.40e-01,
4757,1.35e+01,-1.40e-01,
4758,1.35e+01,-1.40e-01,
4759,1.34e+01,-1.40e-01,
4760,1.35e+01,-1.40e-01,
4761,1.34e+01,-1.40e-01,
4762,1.35e+01,-1.40e-01,
4763,1.35e+01,-1.40e-01,
4764,1.35e+01,-1.40e-01,
4765,1.35e+01,-1.40e-01,
4766,1.35e+01,-1.40e-01,
4767,1.35e+01,-1.40e-01,
4768,1.35e+01,-1.40e-01,
4769,1.35e+01,-1.40e-01,
4770,1.35e+01,-1.40e-01,
4771,1.35e+01,-1.40e-01,
4772,1.34e+01,-1.40e-01,
4773,1.35e+01,-1.40e-01,
4774,1.35e+01,-1.40e-01,
4775,1.35e+01,-1.40e-01,
4776,1.35e+01,-1.40e-01,
4777,1.35e+01,-1.40e-01,
4778,1.35e+01,-1.40e-01,
4779,1.35e+01,-1.40e-01,
4780,1.35e+01,-1.40e-01,
4781,1.35e+01,-1.40e-01,
4782,1.35e+01,-1.40e-01,
4783,1.35e+01,-1.40e-01,
4784,1.35e+01,-1.40e-01,
4785,1.35e+01,-1.40e-01,
4786,1.35e+01,-1.40e-01,
4787,1.35e+01,-1.40e-01,
4788,1.35e+01,-1.40e-01,
4789,1.35e+01,-1.40e-01,
4790,1.34e+01,-1.40e-01,
4791,1.35e+01,-1.40e-01,
4792,1.35e+01,-1.40e-01,
4793,1.35e+01,-1.40e-01,
4794,1.35e+01,-1.40e-01,
4795,1.35e+01,-1.40e-01,
4796,1.35e+01,-1.40e-01,
4797,1.35e+01,-1.40e-01,
4798,1.35e+01,-1.40e-01,
4799,1.35e+01,-1.40e-01,
4800,1.35e+01,-1.40e-01,
4801,1.35e+01,-1.40e-01,
4802,1.35e+01,-1.40e-01,
4803,1.35e+01,-1.40e-01,
4804,1.35e+01,-1.40e-01,
4805,1.35e+01,-1.40e-01,
4806,1.35e+01,-1.40e-01,
4807,1.34e+01,-1.40e-01,
4808,1.35e+01,-1.40e-01,
4809,1.35e+01,-1.40e-01,
4810,1.35e+01,-1.40e-01,
4811,1.35e+01,-1.40e-01,
4812,1.35e+01,-1.40e-01,
4813,1.35e+01,-1.40e-01,
4814,1.35e+01,-1.40e-01,
4815,1.35e+01,-1.40e-01,
4816,1.35e+01,-1.40e-01,
4817,1.35e+01,-1.40e-01,
4818,1.35e+01,-1.40e-01,
4819,1.35e+01,-1.40e-01,
4820,1.35e+01,-1.40e-01,
4821,1.35e+01,-1.40e-01,
4822,1.35e+01,-1.40e-01,
4823,1.35e+01,-1.40e-01,
4824,1.35e+01,-1.40e-01,
4825,1.35e+01,-1.40e-01,
4826,1.35e+01,-1.40e-01,
4827,1.35e+01,-1.40e-01,
4828,1.35e+01,-1.40e-01,
4829,1.35e+01,-1.40e-01,
4830,1.35e+01,-1.40e-01,
4831,1.35e+01,-1.40e-01,
4832,1.35e+01,-1.40e-01,
4833,1.35e+01,-1.40e-01,
4834,1.35e+01,-1.40e-01,
4835,1.35e+01,-1.40e-01,
4836,1.35e+01,-1.40e-01,
4837,1.35e+01,-1.40e-01,
4838,1.35e+01,-1.40e-01,
4839,1.35e+01,-1.40e-01,
4840,1.35e+01,-1.40e-01,
4841,1.35e+01,-1.40e-01,
4842,1.35e+01,-1.40e-01,
4843,1.35e+01,-1.40e-01,
4844,1.35e+01,-1.40e-01,
4845,1.35e+01,-1.40e-01,
4846,1.35e+01,-1.40e-01,
4847,1.35e+01,-1.40e-01,
4848,1.35e+01,-1.40e-01,
4849,1.35e+01,-1.40e-01,
4850,1.35e+01,-1.40e-01,
4851,1.35e+01,-1.40e-01,
4852,1.35e+01,-1.40e-01,
4853,1.35e+01,-1.40e-01,
4854,1.35e+01,-1.40e-01,
4855,1.35e+01,-1.48e-01,
4856,1.35e+01,-1.40e-01,
4857,1.35e+01,-1.48e-01,
4858,1.35e+01,-1.40e-01,
4859,1.35e+01,-1.40e-01,
4860,1.35e+01,-1.40e-01,
4861,1.35e+01,-1.48e-01,
4862,1.35e+01,-1.48e-01,
4863,1.35e+01,-1.48e-01,
4864,1.35e+01,-1.48e-01,
4865,1.35e+01,-1.48e-01,
4866,1.35e+01,-1.48e-01,
4867,1.34e+01,-1.48e-01,
4868,1.35e+01,-1.48e-01,
4869,1.34e+01,-1.48e-01,
4870,1.35e+01,-1.48e-01,
4871,1.35e+01,-1.48e-01,
4872,1.35e+01,-1.48e-01,
4873,1.35e+01,-1.48e-01,
4874,1.35e+01,-1.48e-01,
4875,1.35e+01,-1.48e-01,
4876,1.35e+01,-1.48e-01,
4877,1.35e+01,-1.48e-01,
4878,1.35e+01,-1.48e-01,
4879,1.35e+01,-1.48e-01,
4880,1.35e+01,-1.48e-01,
4881,1.35e+01,-1.48e-01,
4882,1.34e+01,-1.48e-01,
4883,1.35e+01,-1.48e-01,
4884,1.35e+01,-1.48e-01,
4885,1.35e+01,-1.48e-01,
4886,1.34e+01,-1.48e-01,
4887,1.35e+01,-1.48e-01,
4888,1.35e+01,-1.48e-01,
4889,1.34e+01,-1.48e-01,
4890,1.35e+01,-1.48e-01,
4891,1.34e+01,-1.48e-01,
4892,1.35e+01,-1.48e-01,
4893,1.35e+01,-1.48e-01,
4894,1.35e+01,-1.48e-01,
4895,1.35e+01,-1.48e-01,
4896,1.35e+01,-1.48e-01,
4897,1.35e+01,-1.48e-01,
4898,1.35e+01,-1.48e-01,
4899,1.34e+01,-1.48e-01,
4900,1.35e+01,-1.48e-01,
4901,1.35e+01,-1.48e-01,
4902,1.35e+01,-1.48e-01,
4903,1.35e+01,-1.48e-01,
4904,1.35e+01,-1.48e-01,
4905,1.35e+01,-1.48e-01,
4906,1.35e+01,-1.48e-01,
4907,1.35e+01,-1.48e-01,
4908,1.35e+01,-1.48e-01,
4909,1.35e+01,-1.48e-01,
4910,1.35e+01,-1.48e-01,
4911,1.35e+01,-1.48e-01,
4912,1.35e+01,-1.48e-01,
4913,1.34e+01,-1.48e-01,
4914,1.35e+01,-1.48e-01,
4915,1.35e+01,-1.48e-01,
4916,1.35e+01,-1.48e-01,
4917,1.35e+01,-1.48e-01,
4918,1.35e+01,-1.48e-01,
4919,1.35e+01,-1.48e-01,
4920,1.35e+01,-1.48e-01,
4921,1.35e+01,-1.48e-01,
4922,1.35e+01,-1.48e-01,
4923,1.35e+01,-1.48e-01,
4924,1.35e+01,-1.48e-01,
4925,1.35e+01,-1.48e-01,
4926,1.35e+01,-1.48e-01,
4927,1.35e+01,-1.48e-01,
4928,1.35e+01,-1.48e-01,
4929,1.35e+01,-1.48e-01,
4930,1.34e+01,-1.48e-01,
4931,1.35e+01,-1.48e-01,
4932,1.35e+01,-1.48e-01,
4933,1.35e+01,-1.48e-01,
4934,1.35e+01,-1.48e-01,
4935,1.35e+01,-1.48e-01,
4936,1.35e+01,-1.48e-01,
4937,1.35e+01,-1.48e-01,
4938,1.35e+01,-1.48e-01,
4939,1.35e+01,-1.48e-01,
4940,1.35e+01,-1.48e-01,
4941,1.35e+01,-1.48e-01,
4942,1.35e+01,-1.48e-01,
4943,1.35e+01,-1.48e-01,
4944,1.35e+01,-1.48e-01,
4945,1.35e+01,-1.48e-01,
4946,1.34e+01,-1.48e-01,
4947,1.35e+01,-1.48e-01,
4948,1.35e+01,-1.48e-01,
4949,1.35e+01,-1.48e-01,
4950,1.35e+01,-1.48e-01,
4951,1.35e+01,-1.48e-01,
4952,1.35e+01,-1.48e-01,
4953,1.35e+01,-1.48e-01,
4954,1.35e+01,-1.48e-01,
4955,1.35e+01,-1.48e-01,
4956,1.35e+01,-1.48e-01,
4957,1.35e+01,-1.48e-01,
4958,1.35e+01,-1.48e-01,
4959,1.35e+01,-1.48e-01,
4960,1.35e+01,-1.48e-01,
4961,1.35e+01,-1.48e-01,
4962,1.35e+01,-1.48e-01,
4963,1.35e+01,-1.48e-01,
4964,1.35e+01,-1.48e-01,
4965,1.35e+01,-1.48e-01,
4966,1.35e+01,-1.48e-01,
4967,1.34e+01,-1.48e-01,
4968,1.35e+01,-1.48e-01,
4969,1.35e+01,-1.48e-01,
4970,1.35e+01,-1.48e-01,
4971,1.35e+01,-1.48e-01,
4972,1.35e+01,-1.48e-01,
4973,1.35e+01,-1.48e-01,
4974,1.35e+01,-1.48e-01,
4975,1.35e+01,-1.48e-01,
4976,1.35e+01,-1.48e-01,
4977,1.35e+01,-1.48e-01,
4978,1.35e+01,-1.48e-01,
4979,1.35e+01,-1.48e-01,
4980,1.35e+01,-1.48e-01,
4981,1.35e+01,-1.48e-01,
4982,1.35e+01,-1.48e-01,
4983,1.35e+01,-1.48e-01,
4984,1.35e+01,-1.48e-01,
4985,1.35e+01,-1.48e-01,
4986,1.35e+01,-1.48e-01,
4987,1.35e+01,-1.48e-01,
4988,1.35e+01,-1.48e-01,
4989,1.35e+01,-1.48e-01,
4990,1.35e+01,-1.48e-01,
4991,1.35e+01,-1.48e-01,
4992,1.34e+01,-1.48e-01,
4993,1.35e+01,-1.48e-01,
4994,1.35e+01,-1.48e-01,
4995,1.35e+01,-1.48e-01,
4996,1.35e+01,-1.48e-01,
4997,1.35e+01,-1.48e-01,
4998,1.35e+01,-1.48e-01,
4999,1.35e+01,-1.48e-01,
5000,1.35e+01,-1.48e-01,
5001,1.35e+01,-1.48e-01,
5002,1.35e+01,-1.48e-01,
5003,1.35e+01,-1.48e-01,
5004,1.35e+01,-1.48e-01,
5005,1.34e+01,-1.48e-01,
5006,1.35e+01,-1.48e-01,
5007,1.34e+01,-1.48e-01,
5008,1.35e+01,-1.48e-01,
5009,1.35e+01,-1.48e-01,
5010,1.35e+01,-1.48e-01,
5011,1.35e+01,-1.48e-01,
5012,1.35e+01,-1.48e-01,
5013,1.34e+01,-1.48e-01,
5014,1.34e+01,-1.48e-01,
5015,1.35e+01,-1.48e-01,
5016,1.35e+01,-1.48e-01,
5017,1.35e+01,-1.48e-01,
5018,1.35e+01,-1.48e-01,
5019,1.35e+01,-1.48e-01,
5020,1.35e+01,-1.48e-01,
5021,1.35e+01,-1.48e-01,
5022,1.35e+01,-1.48e-01,
5023,1.35e+01,-1.48e-01,
5024,1.35e+01,-1.48e-01,
5025,1.35e+01,-1.48e-01,
5026,1.35e+01,-1.48e-01,
5027,1.35e+01,-1.48e-01,
5028,1.35e+01,-1.48e-01,
5029,1.34e+01,-1.48e-01,
5030,1.35e+01,-1.48e-01,
5031,1.35e+01,-1.48e-01,
5032,1.35e+01,-1.48e-01,
5033,1.35e+01,-1.48e-01,
5034,1.35e+01,-1.48e-01,
5035,1.35e+01,-1.48e-01,
5036,1.35e+01,-1.48e-01,
5037,1.35e+01,-1.48e-01,
5038,1.35e+01,-1.48e-01,
5039,1.35e+01,-1.48e-01,
5040,1.35e+01,-1.48e-01,
5041,1.35e+01,-1.48e-01,
5042,1.35e+01,-1.48e-01,
5043,1.35e+01,-1.48e-01,
5044,1.35e+01,-1.48e-01,
5045,1.35e+01,-1.48e-01,
5046,1.35e+01,-1.48e-01,
5047,1.35e+01,-1.48e-01,
5048,1.34e+01,-1.48e-01,
5049,1.35e+01,-1.48e-01,
5050,1.35e+01,-1.48e-01,
5051,1.35e+01,-1.48e-01,
5052,1.35e+01,-1.48e-01,
5053,1.34e+01,-1.48e-01,
5054,1.35e+01,-1.48e-01,
5055,1.35e+01,-1.48e-01,
5056,1.35e+01,-1.48e-01,
5057,1.35e+01,-1.48e-01,
5058,1.35e+01,-1.48e-01,
5059,1.35e+01,-1.48e-01,
5060,1.35e+01,-1.48e-01,
5061,1.35e+01,-1.48e-01,
5062,1.35e+01,-1.48e-01,
5063,1.35e+01,-1.48e-01,
5064,1.35e+01,-1.48e-01,
5065,1.35e+01,-1.48e-01,
5066,1.35e+01,-1.48e-01,
5067,1.35e+01,-1.48e-01,
5068,1.35e+01,-1.48e-01,
5069,1.35e+01,-1.48e-01,
5070,1.35e+01,-1.48e-01,
5071,1.35e+01,-1.48e-01,
5072,1.35e+01,-1.48e-01,
5073,1.35e+01,-1.48e-01,
5074,1.35e+01,-1.48e-01,
5075,1.35e+01,-1.48e-01,
5076,1.35e+01,-1.48e-01,
5077,1.35e+01,-1.48e-01,
5078,1.35e+01,-1.48e-01,
5079,1.35e+01,-1.48e-01,
5080,1.35e+01,-1.48e-01,
5081,1.35e+01,-1.48e-01,
5082,1.35e+01,-1.48e-01,
5083,1.35e+01,-1.48e-01,
5084,1.35e+01,-1.48e-01,
5085,1.35e+01,-1.48e-01,
5086,1.35e+01,-1.48e-01,
5087,1.35e+01,-1.48e-01,
5088,1.35e+01,-1.48e-01,
5089,1.35e+01,-1.48e-01,
5090,1.35e+01,-1.48e-01,
5091,1.35e+01,-1.48e-01,
5092,1.34e+01,-1.48e-01,
5093,1.35e+01,-1.48e-01,
5094,1.34e+01,-1.48e-01,
5095,1.35e+01,-1.48e-01,
5096,1.35e+01,-1.48e-01,
5097,1.35e+01,-1.48e-01,
5098,1.35e+01,-1.48e-01,
5099,1.35e+01,-1.48e-01,
5100,1.35e+01,-1.48e-01,
5101,1.35e+01,-1.48e-01,
5102,1.35e+01,-1.48e-01,
5103,1.35e+01,-1.48e-01,
5104,1.35e+01,-1.48e-01,
5105,1.35e+01,-1.48e-01,
5106,1.35e+01,-1.48e-01,
5107,1.35e+01,-1.48e-01,
5108,1.35e+01,-1.48e-01,
5109,1.35e+01,-1.48e-01,
5110,1.35e+01,-1.48e-01,
5111,1.35e+01,-1.48e-01,
5112,1.35e+01,-1.48e-01,
5113,1.35e+01,-1.48e-01,
5114,1.35e+01,-1.48e-01,
5115,1.35e+01,-1.48e-01,
5116,1.35e+01,-1.48e-01,
5117,1.35e+01,-1.48e-01,
5118,1.35e+01,-1.48e-01,
5119,1.35e+01,-1.48e-01,
5120,1.35e+01,-1.48e-01,
5121,1.35e+01,-1.48e-01,
5122,1.35e+01,-1.48e-01,
5123,1.35e+01,-1.48e-01,
5124,1.35e+01,-1.48e-01,
5125,1.35e+01,-1.48e-01,
5126,1.35e+01,-1.48e-01,
5127,1.35e+01,-1.48e-01,
5128,1.35e+01,-1.48e-01,
5129,1.35e+01,-1.48e-01,
5130,1.35e+01,-1.48e-01,
5131,1.35e+01,-1.48e-01,
5132,1.35e+01,-1.48e-01,
5133,1.35e+01,-1.48e-01,
5134,1.35e+01,-1.48e-01,
5135,1.35e+01,-1.48e-01,
5136,1.35e+01,-1.48e-01,
5137,1.34e+01,-1.48e-01,
5138,1.35e+01,-1.48e-01,
5139,1.35e+01,-1.48e-01,
5140,1.35e+01,-1.48e-01,
5141,1.35e+01,-1.48e-01,
5142,1.35e+01,-1.48e-01,
5143,1.35e+01,-1.48e-01,
5144,1.35e+01,-1.48e-01,
5145,1.35e+01,-1.48e-01,
5146,1.35e+01,-1.48e-01,
5147,1.35e+01,-1.48e-01,
5148,1.35e+01,-1.48e-01,
5149,1.35e+01,-1.48e-01,
5150,1.34e+01,-1.48e-01,
5151,1.35e+01,-1.48e-01,
5152,1.35e+01,-1.48e-01,
5153,1.35e+01,-1.48e-01,
5154,1.35e+01,-1.48e-01,
5155,1.35e+01,-1.48e-01,
5156,1.35e+01,-1.48e-01,
5157,1.35e+01,-1.48e-01,
5158,1.35e+01,-1.48e-01,
5159,1.35e+01,-1.48e-01,
5160,1.35e+01,-1.48e-01,
5161,1.35e+01,-1.48e-01,
5162,1.35e+01,-1.48e-01,
5163,1.35e+01,-1.48e-01,
5164,1.35e+01,-1.48e-01,
5165,1.35e+01,-1.48e-01,
5166,1.35e+01,-1.48e-01,
5167,1.35e+01,-1.48e-01,
5168,1.35e+01,-1.48e-01,
5169,1.35e+01,-1.48e-01,
5170,1.35e+01,-1.48e-01,
5171,1.35e+01,-1.48e-01,
5172,1.35e+01,-1.48e-01,
5173,1.35e+01,-1.48e-01,
5174,1.35e+01,-1.48e-01,
5175,1.35e+01,-1.48e-01,
5176,1.35e+01,-1.48e-01,
5177,1.35e+01,-1.48e-01,
5178,1.35e+01,-1.48e-01,
5179,1.35e+01,-1.48e-01,
5180,1.35e+01,-1.48e-01,
5181,1.35e+01,-1.48e-01,
5182,1.35e+01,-1.48e-01,
5183,1.35e+01,-1.48e-01,
5184,1.35e+01,-1.48e-01,
5185,1.35e+01,-1.48e-01,
5186,1.35e+01,-1.48e-01,
5187,1.35e+01,-1.48e-01,
5188,1.35e+01,-1.48e-01,
5189,1.35e+01,-1.48e-01,
5190,1.34e+01,-1.48e-01,
5191,1.35e+01,-1.48e-01,
5192,1.35e+01,-1.48e-01,
5193,1.35e+01,-1.48e-01,
5194,1.35e+01,-1.48e-01,
5195,1.35e+01,-1.48e-01,
5196,1.35e+01,-1.48e-01,
5197,1.35e+01,-1.48e-01,
5198,1.35e+01,-1.48e-01,
5199,1.35e+01,-1.48e-01,
5200,1.35e+01,-1.48e-01,
5201,1.35e+01,-1.48e-01,
5202,1.35e+01,-1.48e-01,
5203,1.34e+01,-1.48e-01,
5204,1.35e+01,-1.48e-01,
5205,1.35e+01,-1.48e-01,
5206,1.35e+01,-1.48e-01,
5207,1.35e+01,-1.48e-01,
5208,1.35e+01,-1.48e-01,
5209,1.34e+01,-1.48e-01,
5210,1.34e+01,-1.48e-01,
5211,1.35e+01,-1.48e-01,
5212,1.35e+01,-1.48e-01,
5213,1.35e+01,-1.48e-01,
5214,1.35e+01,-1.48e-01,
5215,1.34e+01,-1.48e-01,
5216,1.35e+01,-1.48e-01,
5217,1.35e+01,-1.48e-01,
5218,1.35e+01,-1.48e-01,
5219,1.35e+01,-1.48e-01,
5220,1.35e+01,-1.48e-01,
5221,1.34e+01,-1.48e-01,
5222,1.35e+01,-1.48e-01,
5223,1.35e+01,-1.48e-01,
5224,1.35e+01,-1.48e-01,
5225,1.34e+01,-1.48e-01,
5226,1.35e+01,-1.48e-01,
5227,1.35e+01,-1.48e-01,
5228,1.34e+01,-1.48e-01,
5229,1.35e+01,-1.48e-01,
5230,1.35e+01,-1.48e-01,
5231,1.35e+01,-1.48e-01,
5232,1.35e+01,-1.48e-01,
5233,1.35e+01,-1.48e-01,
5234,1.35e+01,-1.48e-01,
5235,1.35e+01,-1.48e-01,
5236,1.35e+01,-1.48e-01,
5237,1.35e+01,-1.48e-01,
5238,1.35e+01,-1.48e-01,
5239,1.35e+01,-1.48e-01,
5240,1.35e+01,-1.48e-01,
5241,1.34e+01,-1.48e-01,
5242,1.34e+01,-1.48e-01,
5243,1.35e+01,-1.48e-01,
5244,1.35e+01,-1.48e-01,
5245,1.35e+01,-1.48e-01,
5246,1.35e+01,-1.48e-01,
5247,1.35e+01,-1.48e-01,
5248,1.35e+01,-1.48e-01,
5249,1.35e+01,-1.48e-01,
5250,1.35e+01,-1.48e-01,
5251,1.35e+01,-1.48e-01,
5252,1.35e+01,-1.48e-01,
5253,1.35e+01,-1.48e-01,
5254,1.35e+01,-1.48e-01,
5255,1.35e+01,-1.48e-01,
5256,1.35e+01,-1.48e-01,
5257,1.35e+01,-1.48e-01,
5258,1.35e+01,-1.48e-01,
5259,1.35e+01,-1.48e-01,
5260,1.35e+01,-1.48e-01,
5261,1.35e+01,-1.48e-01,
5262,1.35e+01,-1.48e-01,
5263,1.35e+01,-1.48e-01,
5264,1.35e+01,-1.48e-01,
5265,1.35e+01,-1.48e-01,
5266,1.35e+01,-1.48e-01,
5267,1.35e+01,-1.48e-01,
5268,1.35e+01,-1.48e-01,
5269,1.35e+01,-1.48e-01,
5270,1.35e+01,-1.48e-01,
5271,1.35e+01,-1.48e-01,
5272,1.35e+01,-1.48e-01,
5273,1.35e+01,-1.48e-01,
5274,1.35e+01,-1.48e-01,
5275,1.35e+01,-1.48e-01,
5276,1.35e+01,-1.48e-01,
5277,1.35e+01,-1.48e-01,
5278,1.35e+01,-1.48e-01,
5279,1.35e+01,-1.48e-01,
5280,1.35e+01,-1.48e-01,
5281,1.35e+01,-1.48e-01,
5282,1.35e+01,-1.48e-01,
5283,1.35e+01,-1.48e-01,
5284,1.35e+01,-1.48e-01,
5285,1.35e+01,-1.48e-01,
5286,1.35e+01,-1.48e-01,
5287,1.35e+01,-1.48e-01,
5288,1.35e+01,-1.48e-01,
5289,1.35e+01,-1.48e-01,
5290,1.35e+01,-1.48e-01,
5291,1.35e+01,-1.48e-01,
5292,1.35e+01,-1.48e-01,
5293,1.35e+01,-1.48e-01,
5294,1.35e+01,-1.48e-01,
5295,1.35e+01,-1.48e-01,
5296,1.35e+01,-1.48e-01,
5297,1.35e+01,-1.48e-01,
5298,1.35e+01,-1.48e-01,
5299,1.35e+01,-1.48e-01,
5300,1.35e+01,-1.48e-01,
5301,1.35e+01,-1.48e-01,
5302,1.34e+01,-1.48e-01,
5303,1.35e+01,-1.48e-01,
5304,1.35e+01,-1.48e-01,
5305,1.35e+01,-1.48e-01,
5306,1.35e+01,-1.48e-01,
5307,1.35e+01,-1.48e-01,
5308,1.35e+01,-1.48e-01,
5309,1.35e+01,-1.48e-01,
5310,1.35e+01,-1.48e-01,
5311,1.35e+01,-1.48e-01,
5312,1.35e+01,-1.48e-01,
5313,1.35e+01,-1.48e-01,
5314,1.35e+01,-1.48e-01,
5315,1.35e+01,-1.48e-01,
5316,1.35e+01,-1.48e-01,
5317,1.34e+01,-1.48e-01,
5318,1.35e+01,-1.48e-01,
5319,1.35e+01,-1.48e-01,
5320,1.35e+01,-1.48e-01,
5321,1.35e+01,-1.48e-01,
5322,1.35e+01,-1.48e-01,
5323,1.35e+01,-1.48e-01,
5324,1.35e+01,-1.48e-01,
5325,1.35e+01,-1.48e-01,
5326,1.35e+01,-1.48e-01,
5327,1.35e+01,-1.48e-01,
5328,1.35e+01,-1.48e-01,
5329,1.35e+01,-1.48e-01,
5330,1.35e+01,-1.48e-01,
5331,1.35e+01,-1.48e-01,
5332,1.35e+01,-1.48e-01,
5333,1.35e+01,-1.48e-01,
5334,1.35e+01,-1.48e-01,
5335,1.35e+01,-1.48e-01,
5336,1.35e+01,-1.48e-01,
5337,1.34e+01,-1.48e-01,
5338,1.35e+01,-1.48e-01,
5339,1.35e+01,-1.48e-01,
5340,1.35e+01,-1.48e-01,
5341,1.35e+01,-1.48e-01,
5342,1.35e+01,-1.48e-01,
5343,1.35e+01,-1.48e-01,
5344,1.35e+01,-1.48e-01,
5345,1.34e+01,-1.48e-01,
5346,1.35e+01,-1.48e-01,
5347,1.35e+01,-1.48e-01,
5348,1.35e+01,-1.48e-01,
5349,1.35e+01,-1.48e-01,
5350,1.35e+01,-1.48e-01,
5351,1.35e+01,-1.48e-01,
5352,1.35e+01,-1.48e-01,
5353,1.35e+01,-1.48e-01,
5354,1.35e+01,-1.48e-01,
5355,1.35e+01,-1.48e-01,
5356,1.35e+01,-1.48e-01,
5357,1.35e+01,-1.48e-01,
5358,1.35e+01,-1.48e-01,
5359,1.35e+01,-1.48e-01,
5360,1.35e+01,-1.48e-01,
5361,1.35e+01,-1.48e-01,
5362,1.34e+01,-1.48e-01,
5363,1.35e+01,-1.48e-01,
5364,1.35e+01,-1.48e-01,
5365,1.35e+01,-1.48e-01,
5366,1.35e+01,-1.48e-01,
5367,1.35e+01,-1.48e-01,
5368,1.35e+01,-1.48e-01,
5369,1.35e+01,-1.48e-01,
5370,1.35e+01,-1.48e-01,
5371,1.35e+01,-1.48e-01,
5372,1.35e+01,-1.48e-01,
5373,1.35e+01,-1.48e-01,
5374,1.35e+01,-1.48e-01,
5375,1.35e+01,-1.48e-01,
5376,1.35e+01,-1.48e-01,
5377,1.35e+01,-1.48e-01,
5378,1.35e+01,-1.48e-01,
5379,1.35e+01,-1.48e-01,
5380,1.35e+01,-1.48e-01,
5381,1.35e+01,-1.48e-01,
5382,1.35e+01,-1.48e-01,
5383,1.35e+01,-1.48e-01,
5384,1.35e+01,-1.48e-01,
5385,1.34e+01,-1.48e-01,
5386,1.35e+01,-1.48e-01,
5387,1.35e+01,-1.48e-01,
5388,1.35e+01,-1.48e-01,
5389,1.35e+01,-1.48e-01,
5390,1.35e+01,-1.48e-01,
5391,1.35e+01,-1.48e-01,
5392,1.35e+01,-1.48e-01,
5393,1.35e+01,-1.48e-01,
5394,1.35e+01,-1.48e-01,
5395,1.35e+01,-1.48e-01,
5396,1.34e+01,-1.48e-01,
5397,1.35e+01,-1.48e-01,
5398,1.35e+01,-1.48e-01,
5399,1.35e+01,-1.48e-01,
5400,1.35e+01,-1.48e-01,
5401,1.35e+01,-1.48e-01,
5402,1.35e+01,-1.48e-01,
5403,1.35e+01,-1.48e-01,
5404,1.35e+01,-1.48e-01,
5405,1.35e+01,-1.48e-01,
5406,1.35e+01,-1.48e-01,
5407,1.35e+01,-1.48e-01,
5408,1.35e+01,-1.48e-01,
5409,1.35e+01,-1.48e-01,
5410,1.35e+01,-1.48e-01,
5411,1.35e+01,-1.48e-01,
5412,1.35e+01,-1.48e-01,
5413,1.34e+01,-1.48e-01,
5414,1.35e+01,-1.48e-01,
5415,1.35e+01,-1.48e-01,
5416,1.35e+01,-1.48e-01,
5417,1.35e+01,-1.48e-01,
5418,1.35e+01,-1.48e-01,
5419,1.35e+01,-1.48e-01,
5420,1.35e+01,-1.48e-01,
5421,1.35e+01,-1.48e-01,
5422,1.35e+01,-1.48e-01,
5423,1.35e+01,-1.48e-01,
5424,1.35e+01,-1.48e-01,
5425,1.35e+01,-1.48e-01,
5426,1.35e+01,-1.48e-01,
5427,1.35e+01,-1.48e-01,
5428,1.35e+01,-1.48e-01,
5429,1.35e+01,-1.48e-01,
5430,1.35e+01,-1.48e-01,
5431,1.35e+01,-1.48e-01,
5432,1.35e+01,-1.48e-01,
5433,1.35e+01,-1.48e-01,
5434,1.35e+01,-1.48e-01,
5435,1.35e+01,-1.48e-01,
5436,1.35e+01,-1.48e-01,
5437,1.35e+01,-1.48e-01,
5438,1.35e+01,-1.48e-01,
5439,1.35e+01,-1.48e-01,
5440,1.34e+01,-1.48e-01,
5441,1.35e+01,-1.48e-01,
5442,1.35e+01,-1.48e-01,
5443,1.35e+01,-1.48e-01,
5444,1.35e+01,-1.48e-01,
5445,1.34e+01,-1.48e-01,
5446,1.34e+01,-1.48e-01,
5447,1.35e+01,-1.48e-01,
5448,1.35e+01,-1.48e-01,
5449,1.35e+01,-1.48e-01,
5450,1.35e+01,-1.48e-01,
5451,1.35e+01,-1.48e-01,
5452,1.35e+01,-1.48e-01,
5453,1.35e+01,-1.48e-01,
5454,1.35e+01,-1.48e-01,
5455,1.35e+01,-1.48e-01,
5456,1.35e+01,-1.48e-01,
5457,1.35e+01,-1.48e-01,
5458,1.35e+01,-1.48e-01,
5459,1.35e+01,-1.48e-01,
5460,1.35e+01,-1.48e-01,
5461,1.35e+01,-1.48e-01,
5462,1.35e+01,-1.48e-01,
5463,1.35e+01,-1.48e-01,
5464,1.35e+01,-1.48e-01,
5465,1.35e+01,-1.48e-01,
5466,1.35e+01,-1.48e-01,
5467,1.35e+01,-1.48e-01,
5468,1.35e+01,-1.48e-01,
5469,1.35e+01,-1.48e-01,
5470,1.34e+01,-1.48e-01,
5471,1.35e+01,-1.48e-01,
5472,1.35e+01,-1.48e-01,
5473,1.35e+01,-1.48e-01,
5474,1.35e+01,-1.48e-01,
5475,1.35e+01,-1.48e-01,
5476,1.35e+01,-1.48e-01,
5477,1.35e+01,-1.48e-01,
5478,1.35e+01,-1.48e-01,
5479,1.35e+01,-1.48e-01,
5480,1.35e+01,-1.48e-01,
5481,1.35e+01,-1.48e-01,
5482,1.35e+01,-1.48e-01,
5483,1.35e+01,-1.48e-01,
5484,1.35e+01,-1.48e-01,
5485,1.35e+01,-1.48e-01,
5486,1.35e+01,-1.48e-01,
5487,1.35e+01,-1.48e-01,
5488,1.35e+01,-1.48e-01,
5489,1.35e+01,-1.48e-01,
5490,1.35e+01,-1.48e-01,
5491,1.35e+01,-1.48e-01,
5492,1.35e+01,-1.48e-01,
5493,1.35e+01,-1.48e-01,
5494,1.35e+01,-1.48e-01,
5495,1.35e+01,-1.48e-01,
5496,1.35e+01,-1.48e-01,
5497,1.35e+01,-1.48e-01,
5498,1.35e+01,-1.48e-01,
5499,1.35e+01,-1.48e-01,
5500,1.35e+01,-1.48e-01,
5501,1.35e+01,-1.48e-01,
5502,1.35e+01,-1.48e-01,
5503,1.35e+01,-1.48e-01,
5504,1.35e+01,-1.48e-01,
5505,1.35e+01,-1.48e-01,
5506,1.35e+01,-1.48e-01,
5507,1.35e+01,-1.48e-01,
5508,1.35e+01,-1.48e-01,
5509,1.35e+01,-1.48e-01,
5510,1.35e+01,-1.48e-01,
5511,1.35e+01,-1.48e-01,
5512,1.34e+01,-1.48e-01,
5513,1.35e+01,-1.48e-01,
5514,1.35e+01,-1.48e-01,
5515,1.35e+01,-1.48e-01,
5516,1.35e+01,-1.48e-01,
5517,1.35e+01,-1.48e-01,
5518,1.35e+01,-1.48e-01,
5519,1.35e+01,-1.48e-01,
5520,1.35e+01,-1.48e-01,
5521,1.35e+01,-1.48e-01,
5522,1.35e+01,-1.48e-01,
5523,1.34e+01,-1.48e-01,
5524,1.34e+01,-1.48e-01,
5525,1.35e+01,-1.48e-01,
5526,1.35e+01,-1.48e-01,
5527,1.35e+01,-1.48e-01,
5528,1.34e+01,-1.48e-01,
5529,1.35e+01,-1.48e-01,
5530,1.35e+01,-1.48e-01,
5531,1.35e+01,-1.48e-01,
5532,1.35e+01,-1.48e-01,
5533,1.35e+01,-1.48e-01,
5534,1.35e+01,-1.48e-01,
5535,1.35e+01,-1.48e-01,
5536,1.35e+01,-1.48e-01,
5537,1.35e+01,-1.48e-01,
5538,1.35e+01,-1.48e-01,
5539,1.35e+01,-1.48e-01,
5540,1.35e+01,-1.48e-01,
5541,1.35e+01,-1.48e-01,
5542,1.35e+01,-1.48e-01,
5543,1.35e+01,-1.48e-01,
5544,1.35e+01,-1.48e-01,
5545,1.35e+01,-1.48e-01,
5546,1.35e+01,-1.48e-01,
5547,1.35e+01,-1.48e-01,
5548,1.35e+01,-1.48e-01,
5549,1.35e+01,-1.48e-01,
5550,1.35e+01,-1.48e-01,
5551,1.35e+01,-1.48e-01,
5552,1.35e+01,-1.48e-01,
5553,1.35e+01,-1.48e-01,
5554,1.34e+01,-1.48e-01,
5555,1.35e+01,-1.48e-01,
5556,1.35e+01,-1.48e-01,
5557,1.35e+01,-1.48e-01,
5558,1.35e+01,-1.48e-01,
5559,1.35e+01,-1.48e-01,
5560,1.35e+01,-1.48e-01,
5561,1.34e+01,-1.48e-01,
5562,1.35e+01,-1.48e-01,
5563,1.35e+01,-1.48e-01,
5564,1.34e+01,-1.48e-01,
5565,1.35e+01,-1.48e-01,
5566,1.35e+01,-1.48e-01,
5567,1.35e+01,-1.48e-01,
5568,1.35e+01,-1.48e-01,
5569,1.34e+01,-1.48e-01,
5570,1.35e+01,-1.48e-01,
5571,1.35e+01,-1.48e-01,
5572,1.35e+01,-1.48e-01,
5573,1.35e+01,-1.48e-01,
5574,1.35e+01,-1.48e-01,
5575,1.35e+01,-1.48e-01,
5576,1.35e+01,-1.48e-01,
5577,1.35e+01,-1.48e-01,
5578,1.35e+01,-1.48e-01,
5579,1.35e+01,-1.48e-01,
5580,1.35e+01,-1.48e-01,
5581,1.35e+01,-1.48e-01,
5582,1.35e+01,-1.48e-01,
5583,1.35e+01,-1.48e-01,
5584,1.34e+01,-1.48e-01,
5585,1.35e+01,-1.48e-01,
5586,1.35e+01,-1.48e-01,
5587,1.35e+01,-1.48e-01,
5588,1.35e+01,-1.48e-01,
5589,1.35e+01,-1.48e-01,
5590,1.35e+01,-1.48e-01,
5591,1.35e+01,-1.48e-01,
5592,1.35e+01,-1.48e-01,
5593,1.35e+01,-1.48e-01,
5594,1.35e+01,-1.48e-01,
5595,1.35e+01,-1.48e-01,
5596,1.35e+01,-1.48e-01,
5597,1.34e+01,-1.48e-01,
5598,1.35e+01,-1.48e-01,
5599,1.35e+01,-1.48e-01,
5600,1.35e+01,-1.48e-01,
5601,1.35e+01,-1.48e-01,
5602,1.35e+01,-1.48e-01,
5603,1.34e+01,-1.48e-01,
5604,1.34e+01,-1.48e-01,
5605,1.34e+01,-1.48e-01,
5606,1.35e+01,-1.48e-01,
5607,1.35e+01,-1.48e-01,
5608,1.35e+01,-1.48e-01,
5609,1.34e+01,-1.48e-01,
5610,1.35e+01,-1.48e-01,
5611,1.35e+01,-1.48e-01,
5612,1.34e+01,-1.48e-01,
5613,1.35e+01,-1.48e-01,
5614,1.35e+01,-1.48e-01,
5615,1.35e+01,-1.48e-01,
5616,1.35e+01,-1.48e-01,
5617,1.35e+01,-1.48e-01,
5618,1.35e+01,-1.48e-01,
5619,1.35e+01,-1.48e-01,
5620,1.35e+01,-1.48e-01,
5621,1.35e+01,-1.48e-01,
5622,1.35e+01,-1.48e-01,
5623,1.35e+01,-1.48e-01,
5624,1.35e+01,-1.48e-01,
5625,1.35e+01,-1.48e-01,
5626,1.35e+01,-1.48e-01,
5627,1.35e+01,-1.48e-01,
5628,1.35e+01,-1.48e-01,
5629,1.35e+01,-1.48e-01,
5630,1.35e+01,-1.48e-01,
5631,1.35e+01,-1.48e-01,
5632,1.35e+01,-1.48e-01,
5633,1.35e+01,-1.48e-01,
5634,1.35e+01,-1.48e-01,
5635,1.35e+01,-1.48e-01,
5636,1.34e+01,-1.48e-01,
5637,1.34e+01,-1.48e-01,
5638,1.35e+01,-1.48e-01,
5639,1.35e+01,-1.48e-01,
5640,1.35e+01,-1.48e-01,
5641,1.35e+01,-1.48e-01,
5642,1.35e+01,-1.48e-01,
5643,1.34e+01,-1.48e-01,
5644,1.35e+01,-1.48e-01,
5645,1.35e+01,-1.48e-01,
5646,1.34e+01,-1.48e-01,
5647,1.35e+01,-1.48e-01,
5648,1.35e+01,-1.48e-01,
5649,1.35e+01,-1.48e-01,
5650,1.35e+01,-1.48e-01,
5651,1.35e+01,-1.48e-01,
5652,1.35e+01,-1.48e-01,
5653,1.35e+01,-1.48e-01,
5654,1.35e+01,-1.48e-01,
5655,1.34e+01,-1.48e-01,
5656,1.35e+01,-1.48e-01,
5657,1.35e+01,-1.48e-01,
5658,1.35e+01,-1.48e-01,
5659,1.35e+01,-1.48e-01,
5660,1.35e+01,-1.48e-01,
5661,1.35e+01,-1.48e-01,
5662,1.35e+01,-1.48e-01,
5663,1.35e+01,-1.48e-01,
5664,1.35e+01,-1.48e-01,
5665,1.35e+01,-1.48e-01,
5666,1.35e+01,-1.48e-01,
5667,1.35e+01,-1.48e-01,
5668,1.35e+01,-1.48e-01,
5669,1.35e+01,-1.48e-01,
5670,1.35e+01,-1.48e-01,
5671,1.35e+01,-1.48e-01,
5672,1.35e+01,-1.48e-01,
5673,1.35e+01,-1.48e-01,
5674,1.35e+01,-1.48e-01,
5675,1.35e+01,-1.48e-01,
5676,1.35e+01,-1.48e-01,
5677,1.35e+01,-1.48e-01,
5678,1.35e+01,-1.48e-01,
5679,1.35e+01,-1.48e-01,
5680,1.35e+01,-1.48e-01,
5681,1.35e+01,-1.48e-01,
5682,1.35e+01,-1.48e-01,
5683,1.35e+01,-1.48e-01,
5684,1.34e+01,-1.48e-01,
5685,1.35e+01,-1.48e-01,
5686,1.35e+01,-1.48e-01,
5687,1.35e+01,-1.48e-01,
5688,1.35e+01,-1.48e-01,
5689,1.35e+01,-1.48e-01,
5690,1.35e+01,-1.48e-01,
5691,1.34e+01,-1.48e-01,
5692,1.35e+01,-1.48e-01,
5693,1.35e+01,-1.48e-01,
5694,1.35e+01,-1.48e-01,
5695,1.35e+01,-1.48e-01,
5696,1.35e+01,-1.48e-01,
5697,1.35e+01,-1.48e-01,
5698,1.35e+01,-1.48e-01,
5699,1.35e+01,-1.48e-01,
5700,1.34e+01,-1.48e-01,
5701,1.35e+01,-1.48e-01,
5702,1.35e+01,-1.48e-01,
5703,1.34e+01,-1.48e-01,
5704,1.35e+01,-1.48e-01,
5705,1.35e+01,-1.48e-01,
5706,1.35e+01,-1.48e-01,
5707,1.35e+01,-1.48e-01,
5708,1.35e+01,-1.48e-01,
5709,1.35e+01,-1.48e-01,
5710,1.35e+01,-1.48e-01,
5711,1.34e+01,-1.48e-01,
5712,1.34e+01,-1.48e-01,
5713,1.35e+01,-1.48e-01,
5714,1.35e+01,-1.48e-01,
5715,1.35e+01,-1.48e-01,
5716,1.35e+01,-1.48e-01,
5717,1.35e+01,-1.48e-01,
5718,1.35e+01,-1.48e-01,
5719,1.35e+01,-1.48e-01,
5720,1.35e+01,-1.48e-01,
5721,1.35e+01,-1.48e-01,
5722,1.35e+01,-1.48e-01,
5723,1.35e+01,-1.48e-01,
5724,1.35e+01,-1.48e-01,
5725,1.34e+01,-1.48e-01,
5726,1.35e+01,-1.48e-01,
5727,1.35e+01,-1.48e-01,
5728,1.35e+01,-1.48e-01,
5729,1.35e+01,-1.48e-01,
5730,1.35e+01,-1.48e-01,
5731,1.35e+01,-1.48e-01,
5732,1.35e+01,-1.48e-01,
5733,1.35e+01,-1.48e-01,
5734,1.35e+01,-1.48e-01,
5735,1.35e+01,-1.48e-01,
5736,1.35e+01,-1.48e-01,
5737,1.35e+01,-1.48e-01,
5738,1.35e+01,-1.48e-01,
5739,1.35e+01,-1.48e-01,
5740,1.35e+01,-1.48e-01,
5741,1.35e+01,-1.48e-01,
5742,1.35e+01,-1.48e-01,
5743,1.35e+01,-1.48e-01,
5744,1.35e+01,-1.48e-01,
5745,1.35e+01,-1.48e-01,
5746,1.35e+01,-1.48e-01,
5747,1.35e+01,-1.48e-01,
5748,1.35e+01,-1.48e-01,
5749,1.35e+01,-1.48e-01,
5750,1.35e+01,-1.48e-01,
5751,1.35e+01,-1.48e-01,
5752,1.35e+01,-1.48e-01,
5753,1.35e+01,-1.48e-01,
5754,1.35e+01,-1.48e-01,
5755,1.35e+01,-1.48e-01,
5756,1.35e+01,-1.48e-01,
5757,1.34e+01,-1.48e-01,
5758,1.35e+01,-1.48e-01,
5759,1.35e+01,-1.48e-01,
5760,1.35e+01,-1.48e-01,
5761,1.35e+01,-1.48e-01,
5762,1.35e+01,-1.48e-01,
5763,1.35e+01,-1.48e-01,
5764,1.35e+01,-1.48e-01,
5765,1.35e+01,-1.48e-01,
5766,1.35e+01,-1.48e-01,
5767,1.35e+01,-1.48e-01,
5768,1.35e+01,-1.48e-01,
5769,1.35e+01,-1.48e-01,
5770,1.35e+01,-1.48e-01,
5771,1.34e+01,-1.48e-01,
5772,1.35e+01,-1.48e-01,
5773,1.35e+01,-1.48e-01,
5774,1.35e+01,-1.48e-01,
5775,1.35e+01,-1.48e-01,
5776,1.35e+01,-1.48e-01,
5777,1.35e+01,-1.48e-01,
5778,1.35e+01,-1.48e-01,
5779,1.35e+01,-1.48e-01,
5780,1.35e+01,-1.48e-01,
5781,1.35e+01,-1.48e-01,
5782,1.35e+01,-1.48e-01,
5783,1.35e+01,-1.48e-01,
5784,1.35e+01,-1.48e-01,
5785,1.35e+01,-1.48e-01,
5786,1.35e+01,-1.48e-01,
5787,1.35e+01,-1.48e-01,
5788,1.35e+01,-1.48e-01,
5789,1.35e+01,-1.48e-01,
5790,1.35e+01,-1.48e-01,
5791,1.35e+01,-1.48e-01,
5792,1.35e+01,-1.48e-01,
5793,1.35e+01,-1.48e-01,
5794,1.34e+01,-1.48e-01,
5795,1.35e+01,-1.48e-01,
5796,1.35e+01,-1.48e-01,
5797,1.35e+01,-1.48e-01,
5798,1.35e+01,-1.48e-01,
5799,1.35e+01,-1.48e-01,
5800,1.35e+01,-1.48e-01,
5801,1.35e+01,-1.48e-01,
5802,1.35e+01,-1.48e-01,
5803,1.35e+01,-1.48e-01,
5804,1.35e+01,-1.48e-01,
5805,1.35e+01,-1.48e-01,
5806,1.35e+01,-1.48e-01,
5807,1.35e+01,-1.48e-01,
5808,1.35e+01,-1.48e-01,
5809,1.34e+01,-1.48e-01,
5810,1.35e+01,-1.48e-01,
5811,1.35e+01,-1.48e-01,
5812,1.35e+01,-1.48e-01,
5813,1.35e+01,-1.48e-01,
5814,1.35e+01,-1.48e-01,
5815,1.35e+01,-1.48e-01,
5816,1.35e+01,-1.48e-01,
5817,1.35e+01,-1.48e-01,
5818,1.35e+01,-1.48e-01,
5819,1.35e+01,-1.48e-01,
5820,1.35e+01,-1.48e-01,
5821,1.35e+01,-1.48e-01,
5822,1.35e+01,-1.48e-01,
5823,1.35e+01,-1.48e-01,
5824,1.35e+01,-1.48e-01,
5825,1.35e+01,-1.48e-01,
5826,1.35e+01,-1.48e-01,
5827,1.35e+01,-1.48e-01,
5828,1.35e+01,-1.48e-01,
5829,1.35e+01,-1.48e-01,
5830,1.35e+01,-1.48e-01,
5831,1.35e+01,-1.48e-01,
5832,1.35e+01,-1.48e-01,
5833,1.35e+01,-1.48e-01,
5834,1.35e+01,-1.48e-01,
5835,1.35e+01,-1.48e-01,
5836,1.35e+01,-1.48e-01,
5837,1.35e+01,-1.48e-01,
5838,1.35e+01,-1.48e-01,
5839,1.35e+01,-1.48e-01,
5840,1.35e+01,-1.48e-01,
5841,1.35e+01,-1.48e-01,
5842,1.35e+01,-1.48e-01,
5843,1.35e+01,-1.48e-01,
5844,1.35e+01,-1.48e-01,
5845,1.35e+01,-1.48e-01,
5846,1.35e+01,-1.48e-01,
5847,1.34e+01,-1.48e-01,
5848,1.35e+01,-1.48e-01,
5849,1.35e+01,-1.48e-01,
5850,1.35e+01,-1.48e-01,
5851,1.35e+01,-1.48e-01,
5852,1.35e+01,-1.48e-01,
5853,1.35e+01,-1.48e-01,
5854,1.35e+01,-1.48e-01,
5855,1.35e+01,-1.48e-01,
5856,1.35e+01,-1.48e-01,
5857,1.35e+01,-1.48e-01,
5858,1.35e+01,-1.48e-01,
5859,1.35e+01,-1.48e-01,
5860,1.35e+01,-1.48e-01,
5861,1.34e+01,-1.48e-01,
5862,1.35e+01,-1.48e-01,
5863,1.35e+01,-1.48e-01,
5864,1.35e+01,-1.48e-01,
5865,1.35e+01,-1.48e-01,
5866,1.35e+01,-1.48e-01,
5867,1.35e+01,-1.48e-01,
5868,1.35e+01,-1.48e-01,
5869,1.35e+01,-1.48e-01,
5870,1.35e+01,-1.48e-01,
5871,1.35e+01,-1.48e-01,
5872,1.35e+01,-1.48e-01,
5873,1.35e+01,-1.48e-01,
5874,1.35e+01,-1.48e-01,
5875,1.35e+01,-1.48e-01,
5876,1.34e+01,-1.48e-01,
5877,1.35e+01,-1.48e-01,
5878,1.34e+01,-1.48e-01,
5879,1.35e+01,-1.48e-01,
5880,1.35e+01,-1.48e-01,
5881,1.35e+01,-1.48e-01,
5882,1.35e+01,-1.48e-01,
5883,1.35e+01,-1.48e-01,
5884,1.34e+01,-1.48e-01,
5885,1.35e+01,-1.48e-01,
5886,1.35e+01,-1.48e-01,
5887,1.35e+01,-1.48e-01,
5888,1.35e+01,-1.48e-01,
5889,1.35e+01,-1.48e-01,
5890,1.35e+01,-1.48e-01,
5891,1.35e+01,-1.48e-01,
5892,1.35e+01,-1.48e-01,
5893,1.35e+01,-1.48e-01,
5894,1.35e+01,-1.48e-01,
5895,1.35e+01,-1.48e-01,
5896,1.35e+01,-1.48e-01,
5897,1.35e+01,-1.48e-01,
5898,1.35e+01,-1.48e-01,
5899,1.35e+01,-1.48e-01,
5900,1.35e+01,-1.48e-01,
5901,1.35e+01,-1.48e-01,
5902,1.35e+01,-1.48e-01,
5903,1.35e+01,-1.48e-01,
5904,1.35e+01,-1.48e-01,
5905,1.35e+01,-1.48e-01,
5906,1.35e+01,-1.48e-01,
5907,1.35e+01,-1.48e-01,
5908,1.35e+01,-1.48e-01,
5909,1.35e+01,-1.48e-01,
5910,1.35e+01,-1.48e-01,
5911,1.35e+01,-1.48e-01,
5912,1.35e+01,-1.48e-01,
5913,1.35e+01,-1.48e-01,
5914,1.35e+01,-1.48e-01,
5915,1.35e+01,-1.48e-01,
5916,1.35e+01,-1.48e-01,
5917,1.35e+01,-1.48e-01,
5918,1.35e+01,-1.48e-01,
5919,1.35e+01,-1.48e-01,
5920,1.35e+01,-1.48e-01,
5921,1.35e+01,-1.48e-01,
5922,1.35e+01,-1.48e-01,
5923,1.35e+01,-1.48e-01,
5924,1.35e+01,-1.48e-01,
5925,1.35e+01,-1.48e-01,
5926,1.35e+01,-1.48e-01,
5927,1.35e+01,-1.48e-01,
5928,1.35e+01,-1.48e-01,
5929,1.35e+01,-1.48e-01,
5930,1.35e+01,-1.48e-01,
5931,1.35e+01,-1.48e-01,
5932,1.35e+01,-1.48e-01,
5933,1.35e+01,-1.48e-01,
5934,1.35e+01,-1.48e-01,
5935,1.35e+01,-1.48e-01,
5936,1.35e+01,-1.48e-01,
5937,1.35e+01,-1.48e-01,
5938,1.35e+01,-1.48e-01,
5939,1.35e+01,-1.48e-01,
5940,1.35e+01,-1.48e-01,
5941,1.35e+01,-1.48e-01,
5942,1.35e+01,-1.48e-01,
5943,1.35e+01,-1.48e-01,
5944,1.35e+01,-1.48e-01,
5945,1.35e+01,-1.48e-01,
5946,1.35e+01,-1.48e-01,
5947,1.35e+01,-1.48e-01,
5948,1.35e+01,-1.48e-01,
5949,1.35e+01,-1.48e-01,
5950,1.35e+01,-1.48e-01,
5951,1.35e+01,-1.48e-01,
5952,1.35e+01,-1.48e-01,
5953,1.35e+01,-1.48e-01,
5954,1.35e+01,-1.48e-01,
5955,1.35e+01,-1.48e-01,
5956,1.35e+01,-1.48e-01,
5957,1.35e+01,-1.48e-01,
5958,1.35e+01,-1.48e-01,
5959,1.35e+01,-1.48e-01,
5960,1.35e+01,-1.48e-01,
5961,1.35e+01,-1.48e-01,
5962,1.35e+01,-1.48e-01,
5963,1.35e+01,-1.48e-01,
5964,1.35e+01,-1.48e-01,
5965,1.35e+01,-1.48e-01,
5966,1.35e+01,-1.48e-01,
5967,1.35e+01,-1.48e-01,
5968,1.35e+01,-1.48e-01,
5969,1.35e+01,-1.48e-01,
5970,1.35e+01,-1.48e-01,
5971,1.35e+01,-1.48e-01,
5972,1.35e+01,-1.48e-01,
5973,1.35e+01,-1.48e-01,
5974,1.35e+01,-1.48e-01,
5975,1.35e+01,-1.48e-01,
5976,1.35e+01,-1.48e-01,
5977,1.35e+01,-1.48e-01,
5978,1.35e+01,-1.48e-01,
5979,1.35e+01,-1.48e-01,
5980,1.35e+01,-1.48e-01,
5981,1.35e+01,-1.48e-01,
5982,1.35e+01,-1.48e-01,
5983,1.35e+01,-1.48e-01,
5984,1.35e+01,-1.48e-01,
5985,1.35e+01,-1.48e-01,
5986,1.35e+01,-1.48e-01,
5987,1.35e+01,-1.48e-01,
5988,1.35e+01,-1.48e-01,
5989,1.35e+01,-1.48e-01,
5990,1.35e+01,-1.48e-01,
5991,1.35e+01,-1.48e-01,
5992,1.35e+01,-1.48e-01,
5993,1.35e+01,-1.48e-01,
5994,1.35e+01,-1.48e-01,
5995,1.34e+01,-1.48e-01,
5996,1.35e+01,-1.48e-01,
5997,1.35e+01,-1.48e-01,
5998,1.35e+01,-1.48e-01,
5999,1.35e+01,-1.48e-01,
